OrderYear,OrderMonth,Region,Category,SubCategory,Sales,Quantity,Profit,Discount
2016,11,South,Furniture,Bookcases,891.4480,9,61.2704,0.40
2016,11,South,Furniture,Chairs,1122.5940,8,243.9585,0.20
2016,06,West,"Office Supplies",Labels,116.4200,22,55.3699,0.00
2017,04,South,"Office Supplies",Paper,267.1920,6,93.5172,0.40
2016,12,West,"Office Supplies",Binders,2290.5020,111,676.9432,7.00
2016,12,Central,"Office Supplies",Art,46.2240,15,9.7992,0.40
2016,12,Central,"Office Supplies",Appliances,220.2330,16,19.4042,1.70
2017,07,East,Furniture,Chairs,1098.0260,14,98.8116,0.80
2016,01,West,"Office Supplies",Binders,79.8880,6,27.8882,0.60
2016,01,West,Technology,Accessories,510.5000,10,144.0533,0.00
2017,10,Central,"Office Supplies",Paper,232.0020,14,92.6928,1.00
2016,12,Central,Technology,Phones,3289.0800,43,513.3548,0.80
2016,12,Central,Furniture,Furnishings,333.4380,23,-104.8026,1.20
2017,09,Central,Technology,Phones,3269.6500,23,471.0600,1.00
2016,07,West,"Office Supplies",Storage,1157.1840,22,-11.7602,0.80
2017,09,South,"Office Supplies",Storage,1725.4900,37,16.5505,1.00
2016,03,Central,Technology,Accessories,1403.1100,19,278.5114,0.40
2016,03,Central,"Office Supplies",Binders,183.2700,29,12.7398,4.00
2016,06,East,Technology,Accessories,475.9000,15,99.0553,0.00
2016,06,East,Technology,Phones,656.8100,12,178.9175,0.00
2016,12,East,"Office Supplies",Fasteners,57.6040,21,24.8142,0.20
2016,12,East,Technology,Phones,3675.7500,24,234.3878,0.40
2016,06,East,"Office Supplies",Storage,3038.3340,48,454.1798,0.60
2016,06,East,"Office Supplies",Paper,568.9060,40,255.1115,0.60
2016,06,East,Furniture,Chairs,863.4280,10,9.7430,0.40
2016,06,East,"Office Supplies",Binders,423.9440,37,69.1846,2.90
2016,06,East,"Office Supplies",Art,37.3800,11,13.0986,0.00
2016,06,South,"Office Supplies",Paper,148.7800,7,70.0562,0.00
2016,09,East,"Office Supplies",Binders,7490.2190,71,1303.7865,6.70
2017,09,Central,"Office Supplies",Paper,526.9740,63,224.5100,2.00
2017,12,Central,"Office Supplies",Binders,2229.8980,75,-2985.5658,6.40
2017,12,Central,Furniture,Furnishings,561.2820,32,-384.7449,5.40
2017,12,Central,"Office Supplies",Storage,1718.7780,19,109.2762,0.60
2016,06,South,"Office Supplies",Appliances,208.1600,1,56.2032,0.00
2016,06,South,"Office Supplies",Binders,132.4860,13,17.8000,0.70
2017,11,Central,"Office Supplies",Storage,1698.8600,34,-58.6421,1.20
2017,05,South,Furniture,Chairs,3627.2320,13,23.7260,0.60
2017,10,Central,Technology,Accessories,957.2300,11,125.9357,1.00
2017,10,Central,"Office Supplies",Labels,6.1600,2,2.9568,0.00
2016,04,Central,"Office Supplies",Storage,2069.9680,19,32.2523,1.00
2016,09,West,"Office Supplies",Art,171.9580,38,56.3818,0.40
2016,09,West,Technology,Phones,3562.7920,26,322.4295,1.60
2016,09,West,"Office Supplies",Paper,1198.4020,93,563.7222,0.60
2017,11,West,"Office Supplies",Binders,1896.1880,94,579.5040,6.50
2017,11,East,Furniture,Furnishings,3731.9660,78,738.2934,1.20
2017,06,West,"Office Supplies",Binders,1430.3640,29,407.0002,1.90
2016,09,Central,"Office Supplies",Appliances,988.4420,17,-187.7527,1.70
2016,08,Central,"Office Supplies",Paper,371.1360,37,137.0496,1.40
2016,08,Central,Technology,Accessories,3019.5040,39,254.7469,0.80
2016,08,Central,"Office Supplies",Binders,163.2520,36,0.9694,4.80
2016,12,Central,"Office Supplies",Paper,369.9640,42,136.8472,1.20
2017,11,South,Technology,Accessories,3747.0200,40,831.2455,1.00
2017,11,South,Technology,Phones,2749.6000,31,251.2073,1.20
2017,11,South,"Office Supplies",Art,168.4680,33,23.9324,1.20
2017,12,East,Furniture,Furnishings,1228.4220,41,236.2192,1.20
2016,11,Central,"Office Supplies",Art,212.2120,35,55.3601,1.00
2016,11,Central,"Office Supplies",Binders,499.3900,54,145.8615,6.40
2016,06,East,Furniture,Furnishings,694.8600,15,86.9320,0.40
2016,06,East,"Office Supplies",Envelopes,115.0200,9,51.7590,0.00
2017,11,West,"Office Supplies",Storage,3051.9840,64,208.1307,0.40
2016,11,West,Furniture,Chairs,5296.5600,30,176.9558,2.00
2016,11,West,Furniture,Furnishings,1771.1700,48,637.0307,0.00
2017,02,East,Technology,Phones,360.0140,13,49.7957,0.80
2017,02,East,"Office Supplies",Paper,300.7640,19,115.6830,0.40
2017,02,East,"Office Supplies",Fasteners,21.4560,9,6.9732,0.20
2016,10,West,"Office Supplies",Paper,528.2200,48,249.3590,0.00
2016,10,West,"Office Supplies",Art,146.8780,14,41.0028,0.20
2016,10,West,"Office Supplies",Fasteners,118.0500,21,12.2820,0.00
2016,10,West,"Office Supplies",Binders,4956.7120,46,1695.3347,4.10
2016,10,West,"Office Supplies",Supplies,65.8800,6,18.4464,0.00
2016,10,West,Furniture,Furnishings,359.5480,24,61.2364,0.40
2016,09,East,Furniture,Furnishings,1460.5560,48,251.3372,1.20
2017,09,West,"Office Supplies",Art,356.6660,46,113.7027,0.40
2017,09,West,"Office Supplies",Envelopes,119.2720,14,54.2398,0.20
2017,09,West,"Office Supplies",Paper,1272.9640,89,603.7274,0.60
2017,12,Central,"Office Supplies",Appliances,2591.5280,28,-427.0012,3.20
2016,12,Central,Furniture,Chairs,6584.2840,40,1268.7770,0.90
2016,12,Central,"Office Supplies",Binders,10193.6420,40,5060.2771,2.40
2016,03,West,"Office Supplies",Appliances,312.8200,10,58.0400,0.20
2016,03,West,Technology,Phones,5094.8160,20,378.0678,1.20
2016,11,Central,"Office Supplies",Labels,129.1460,11,52.7056,0.60
2016,11,Central,Technology,Phones,2900.6300,36,623.0792,1.00
2016,05,West,"Office Supplies",Paper,416.3320,40,190.8579,0.20
2016,11,West,"Office Supplies",Envelopes,186.5300,8,90.8317,0.00
2016,11,West,"Office Supplies",Binders,2793.9400,104,940.1916,6.30
2017,04,Central,"Office Supplies",Appliances,97.2640,4,-243.1600,0.80
2016,11,East,"Office Supplies",Binders,1481.3120,70,-109.1821,6.40
2016,07,Central,"Office Supplies",Storage,2885.8480,17,209.5580,0.60
2016,07,Central,"Office Supplies",Paper,554.5500,47,228.3124,1.00
2017,11,East,"Office Supplies",Storage,4422.1920,42,933.2696,0.60
2017,07,East,"Office Supplies",Binders,1045.6820,29,345.7098,2.70
2017,07,East,"Office Supplies",Paper,648.2400,46,288.4146,1.60
2017,06,East,"Office Supplies",Paper,799.2040,42,371.2428,0.80
2017,06,South,Furniture,Furnishings,134.9280,17,27.4566,1.00
2017,12,West,Technology,Phones,2641.6480,42,238.3983,2.60
2017,12,Central,Technology,Phones,2884.4200,14,824.1051,0.40
2017,12,Central,"Office Supplies",Fasteners,55.8420,12,17.4531,0.20
2016,10,West,"Office Supplies",Storage,1673.8400,19,313.2196,0.00
2016,10,West,Technology,Phones,318.3680,4,19.6797,0.40
2017,04,South,Furniture,Tables,1266.2745,7,-280.2878,0.90
2017,04,South,"Office Supplies",Binders,2746.6590,20,1223.3198,4.20
2017,04,South,Furniture,Furnishings,776.9580,34,25.6047,1.00
2017,04,South,Technology,Accessories,1051.7400,14,136.0962,0.60
2017,11,West,"Office Supplies",Paper,948.6760,78,431.7735,0.60
2016,06,Central,"Office Supplies",Paper,1045.1740,47,414.7419,1.60
2016,06,Central,Furniture,Furnishings,545.3420,25,-380.3847,3.60
2016,06,Central,Technology,Phones,1539.0640,21,293.8589,0.60
2016,06,Central,Furniture,Tables,870.1650,8,52.7220,0.50
2016,06,Central,"Office Supplies",Art,23.9760,13,5.6103,0.60
2016,12,West,Furniture,Chairs,2627.4240,27,70.5134,1.60
2016,09,West,Technology,Accessories,3599.6100,26,701.2211,0.00
2016,12,East,"Office Supplies",Storage,4387.1720,42,833.4863,0.40
2016,12,East,"Office Supplies",Envelopes,471.6100,11,214.4183,0.00
2017,12,East,Technology,Accessories,854.2600,29,143.7444,0.80
2017,12,East,"Office Supplies",Storage,1434.3200,23,213.7764,0.40
2017,12,East,"Office Supplies",Binders,1860.5960,85,-14.7034,8.90
2017,06,Central,"Office Supplies",Appliances,2793.8640,17,819.1182,3.20
2017,06,South,"Office Supplies",Art,199.6360,12,56.7416,0.20
2016,01,East,"Office Supplies",Fasteners,7.5600,6,0.3024,0.00
2017,12,East,"Office Supplies",Envelopes,173.1160,11,62.0247,0.40
2017,12,West,"Office Supplies",Storage,5653.2240,67,936.4898,0.40
2017,10,East,"Office Supplies",Paper,551.4220,59,246.0673,1.20
2017,10,East,"Office Supplies",Storage,1300.5740,24,110.8683,0.80
2017,10,East,"Office Supplies",Labels,99.1300,21,42.0151,0.40
2016,12,South,"Office Supplies",Binders,341.2020,21,-214.8388,3.50
2016,12,South,"Office Supplies",Appliances,2334.0220,12,721.8751,0.40
2016,12,South,"Office Supplies",Supplies,1002.1800,10,-192.5115,0.20
2016,11,East,"Office Supplies",Fasteners,83.6960,33,19.0908,1.00
2016,11,East,"Office Supplies",Labels,42.6520,15,16.4556,0.40
2016,11,East,Technology,Accessories,1071.1560,33,99.4263,1.20
2016,11,East,Furniture,Bookcases,200.5380,5,-35.9268,0.70
2016,10,East,"Office Supplies",Paper,637.7460,26,300.2384,0.20
2016,10,East,"Office Supplies",Storage,1480.4600,26,100.4204,0.00
2016,10,East,Furniture,Furnishings,1289.6920,19,141.7642,0.20
2016,10,East,"Office Supplies",Binders,430.2600,16,196.4138,0.40
2017,11,Central,Furniture,Tables,1322.9160,13,-167.2257,1.10
2017,04,South,"Office Supplies",Art,169.3860,29,22.6395,1.20
2016,09,West,Furniture,Furnishings,345.5200,32,99.3962,0.80
2016,09,West,Furniture,Chairs,3797.9920,34,111.3804,1.80
2016,09,West,"Office Supplies",Labels,98.3440,21,46.0075,0.20
2016,04,West,"Office Supplies",Binders,485.0970,52,129.5796,3.60
2016,04,West,Technology,Accessories,99.9900,1,34.9965,0.00
2017,11,South,Furniture,Furnishings,1643.3640,29,321.1336,1.20
2016,08,East,Technology,Phones,952.9420,21,-119.4919,1.20
2016,08,East,"Office Supplies",Storage,1645.2440,8,289.7726,0.20
2016,08,East,Furniture,Chairs,1505.6820,13,-202.9136,0.50
2016,08,East,"Office Supplies",Labels,100.2400,10,33.8310,0.20
2016,08,East,"Office Supplies",Binders,687.4800,44,168.4765,3.60
2016,04,East,Technology,Phones,1557.4320,16,298.1298,0.80
2016,04,East,"Office Supplies",Binders,929.5540,39,11.5969,4.50
2017,06,West,Technology,Phones,626.1680,17,43.0535,1.20
2017,07,East,"Office Supplies",Art,423.2200,39,136.4920,0.20
2016,09,East,Technology,Accessories,580.0300,11,250.2172,0.00
2016,09,East,"Office Supplies",Paper,424.9140,39,189.4386,1.00
2016,04,East,Furniture,Bookcases,388.7040,6,-4.8588,0.20
2016,04,East,"Office Supplies",Envelopes,17.1320,3,7.0157,0.20
2016,04,East,"Office Supplies",Art,605.1600,45,163.5033,0.00
2016,04,East,"Office Supplies",Paper,730.2200,28,272.9900,0.60
2016,04,South,"Office Supplies",Paper,264.3200,23,100.6520,0.60
2017,03,South,"Office Supplies",Appliances,1096.0480,17,278.4732,0.40
2017,03,South,"Office Supplies",Labels,33.5680,6,15.4060,0.20
2017,09,East,"Office Supplies",Labels,107.2160,26,41.8284,0.60
2017,09,East,Furniture,Chairs,8960.5950,45,1362.3678,1.80
2017,09,East,"Office Supplies",Art,220.6560,37,56.7283,0.80
2017,09,East,Furniture,Furnishings,651.3700,55,137.2531,1.40
2016,10,East,"Office Supplies",Supplies,7.3600,2,0.1472,0.00
2016,10,East,Furniture,Bookcases,1164.9000,5,283.5172,0.00
2017,05,Central,"Office Supplies",Paper,316.6960,32,113.3664,1.40
2017,05,Central,"Office Supplies",Storage,2371.4200,29,151.2016,1.40
2016,09,Central,"Office Supplies",Paper,469.6320,45,193.4651,1.00
2017,08,East,Furniture,Tables,1802.9560,9,-381.5600,0.70
2016,09,Central,"Office Supplies",Storage,1576.1160,36,265.6449,1.00
2016,09,Central,Furniture,Bookcases,3551.6744,15,-542.2504,0.94
2016,09,Central,Technology,Accessories,997.0440,17,276.7968,0.40
2017,12,East,"Office Supplies",Appliances,2861.8820,44,813.5853,0.20
2017,12,West,Technology,Accessories,1342.9480,39,344.4750,0.40
2017,12,West,Technology,Copiers,4079.9280,9,1442.9745,0.40
2017,12,West,"Office Supplies",Paper,1372.1700,87,599.5136,0.40
2017,12,West,Furniture,Tables,4274.4620,24,-20.0263,0.90
2017,12,West,"Office Supplies",Labels,99.8400,20,48.7131,0.00
2017,12,West,Furniture,Bookcases,2091.2490,34,-471.5276,1.85
2017,12,West,Furniture,Chairs,3934.7040,33,135.2114,1.60
2017,11,West,Furniture,Chairs,5760.7120,33,-36.6047,2.00
2017,06,West,"Office Supplies",Art,673.6360,48,172.5202,0.60
2016,04,West,Furniture,Chairs,4638.8720,29,226.7934,1.40
2017,11,South,"Office Supplies",Paper,559.2340,56,205.7179,2.00
2017,03,West,"Office Supplies",Art,161.6900,35,56.1324,0.00
2017,03,West,"Office Supplies",Envelopes,34.6500,6,16.3270,0.00
2017,10,East,Furniture,Furnishings,1116.0560,47,342.0986,0.40
2017,08,South,Furniture,Chairs,1290.0480,6,272.9244,0.20
2017,11,Central,Furniture,Furnishings,672.5040,30,-391.3966,3.00
2017,11,Central,"Office Supplies",Binders,2508.3720,72,-2121.1492,8.80
2017,10,Central,"Office Supplies",Art,229.6040,39,48.4059,1.40
2016,04,South,"Office Supplies",Binders,189.5880,2,-145.3508,0.70
2016,04,South,Technology,Accessories,735.8720,16,139.7344,0.60
2016,04,South,"Office Supplies",Storage,267.5040,11,-16.4648,0.60
2016,06,Central,Technology,Machines,1007.9790,3,43.1991,0.30
2017,01,East,Furniture,Chairs,1095.1170,6,-61.0671,0.40
2016,09,Central,Furniture,Furnishings,1782.7820,45,240.1925,3.00
2016,09,Central,Furniture,Chairs,2696.5970,22,-227.9023,1.20
2016,09,Central,"Office Supplies",Labels,87.6260,23,34.7877,0.60
2017,03,Central,Furniture,Furnishings,249.7740,12,-94.4001,1.20
2016,04,East,"Office Supplies",Storage,745.5040,17,41.5434,0.40
2017,10,East,Furniture,Tables,1836.3480,12,-294.1200,1.30
2016,12,Central,Technology,Accessories,308.5000,13,42.4668,0.40
2016,09,Central,"Office Supplies",Envelopes,125.0560,6,44.7354,0.40
2016,04,West,Furniture,Furnishings,191.7080,20,50.2344,0.40
2016,04,West,Furniture,Tables,1272.6300,6,-814.4832,0.50
2016,04,West,"Office Supplies",Supplies,214.1760,5,-33.8940,0.20
2016,04,West,"Office Supplies",Appliances,222.1760,7,53.2512,0.40
2017,03,Central,Furniture,Bookcases,1228.6648,7,-66.3332,0.64
2016,07,West,Technology,Phones,1057.2000,29,99.4189,1.80
2017,06,West,"Office Supplies",Labels,112.2000,12,46.8732,0.20
2017,06,West,Furniture,Bookcases,3540.1735,22,233.2957,0.60
2016,05,West,Technology,Accessories,597.3680,24,143.7209,0.20
2016,03,South,Furniture,Tables,189.8820,3,-94.9410,0.40
2016,07,West,"Office Supplies",Binders,229.6560,30,-5.2768,3.60
2016,07,West,Furniture,Furnishings,659.4800,40,220.8304,0.00
2016,07,West,Furniture,Chairs,3016.2400,19,183.1184,1.40
2016,05,West,"Office Supplies",Binders,140.7590,30,-41.3424,3.80
2016,05,West,Furniture,Chairs,1286.2720,8,-34.7252,0.40
2017,11,East,"Office Supplies",Binders,1649.9700,75,459.8328,6.20
2017,11,Central,Technology,Accessories,730.4420,27,113.5642,0.80
2016,10,East,"Office Supplies",Art,169.2220,16,50.6096,0.20
2017,12,West,"Office Supplies",Art,305.2240,44,81.7521,0.20
2017,01,West,Technology,Copiers,2999.9500,5,1379.9770,0.00
2017,01,West,"Office Supplies",Storage,1933.1340,34,146.3361,0.20
2017,01,West,"Office Supplies",Paper,238.1400,18,109.3014,0.00
2017,01,Central,Furniture,Tables,1193.7850,8,-195.7140,0.80
2016,05,West,Technology,Phones,734.8960,12,55.1199,0.80
2017,10,South,Furniture,Chairs,717.8920,4,51.9108,0.20
2017,10,South,Furniture,Furnishings,218.9680,17,39.0523,1.20
2017,09,West,Furniture,Furnishings,1997.2900,58,472.8764,0.60
2016,05,South,Technology,Phones,2564.9900,18,383.9600,0.60
2016,05,South,"Office Supplies",Binders,673.6730,47,145.8785,7.00
2017,09,Central,"Office Supplies",Binders,2545.8100,64,-525.3500,4.80
2017,11,East,"Office Supplies",Paper,1286.2860,70,573.1170,1.40
2017,09,South,Furniture,Furnishings,68.9600,8,17.1878,0.40
2017,11,Central,"Office Supplies",Fasteners,77.3520,12,34.1019,0.40
2017,06,West,"Office Supplies",Storage,2271.0400,47,284.2297,0.80
2016,06,West,Furniture,Tables,4718.1380,23,230.4205,0.80
2016,06,West,"Office Supplies",Paper,984.2700,52,467.4270,0.00
2017,11,West,Furniture,Furnishings,666.2880,42,154.5237,0.20
2017,10,West,"Office Supplies",Paper,816.4940,36,350.7229,0.60
2017,10,West,"Office Supplies",Binders,5779.5250,72,2113.5257,4.70
2017,10,West,Furniture,Chairs,2836.3760,28,-61.4743,1.60
2017,12,East,"Office Supplies",Labels,112.0560,18,51.2061,0.20
2017,12,East,"Office Supplies",Fasteners,87.9460,32,34.1812,0.40
2017,12,East,Technology,Phones,2843.0000,44,462.0973,2.00
2016,11,West,"Office Supplies",Art,307.3500,26,86.9688,0.00
2017,07,Central,"Office Supplies",Storage,1401.3960,19,156.1535,0.60
2017,07,Central,Furniture,Furnishings,867.2700,15,-322.7572,1.20
2017,12,West,"Office Supplies",Appliances,423.4220,12,130.9362,0.20
2017,12,West,"Office Supplies",Binders,1243.6360,119,305.1311,8.70
2016,03,West,"Office Supplies",Paper,89.6040,17,38.6032,0.40
2016,03,West,"Office Supplies",Binders,141.1950,24,20.5109,2.20
2016,07,East,"Office Supplies",Supplies,17.4720,4,1.7478,0.40
2016,07,East,Technology,Phones,1385.3020,16,166.6165,1.20
2016,04,Central,Technology,Phones,1160.4260,10,301.2719,0.20
2016,04,Central,"Office Supplies",Labels,15.7120,4,5.6956,0.20
2016,09,East,Technology,Phones,1953.0160,24,65.3851,1.20
2017,11,East,Technology,Phones,8755.7920,79,1379.3114,2.40
2017,08,East,Furniture,Furnishings,255.5200,13,85.9620,0.00
2017,08,East,"Office Supplies",Binders,5805.1800,42,1995.3315,2.10
2017,08,East,Technology,Phones,1210.8300,9,359.3902,0.00
2017,05,West,"Office Supplies",Appliances,647.0100,17,186.0395,0.00
2016,12,West,"Office Supplies",Storage,4670.1240,48,623.2056,0.20
2016,12,West,Technology,Accessories,3795.3160,53,1003.3673,1.00
2016,12,West,Technology,Phones,4989.8160,40,461.9054,2.20
2017,09,South,Technology,Accessories,360.3480,18,83.9409,0.40
2017,09,South,"Office Supplies",Labels,251.6940,8,93.0897,0.20
2016,08,West,"Office Supplies",Binders,167.5780,40,10.9448,2.80
2016,08,West,"Office Supplies",Appliances,699.3080,16,173.8444,0.20
2016,05,West,Furniture,Furnishings,1578.5300,24,334.7856,0.00
2017,07,West,"Office Supplies",Storage,500.4200,11,106.2488,0.00
2017,07,West,"Office Supplies",Labels,896.5800,24,437.3847,0.00
2017,06,Central,Technology,Accessories,256.3800,8,85.0468,0.00
2016,04,West,"Office Supplies",Fasteners,31.5600,5,9.8625,0.20
2016,12,West,Furniture,Furnishings,1775.3440,59,509.4588,0.40
2017,06,East,Technology,Accessories,1260.5800,36,234.0995,0.60
2016,08,East,"Office Supplies",Appliances,1509.6720,16,389.0220,0.20
2016,08,East,"Office Supplies",Envelopes,134.2880,2,45.3222,0.20
2016,09,Central,"Office Supplies",Binders,666.7680,51,-718.7088,6.40
2016,03,East,"Office Supplies",Storage,1512.7200,15,-39.5002,0.40
2016,11,South,"Office Supplies",Fasteners,30.7400,7,14.8626,0.00
2017,06,Central,"Office Supplies",Supplies,34.9440,4,2.9178,0.40
2017,06,Central,"Office Supplies",Paper,422.8540,37,144.0708,1.60
2017,06,Central,Technology,Phones,2593.9200,20,365.4155,1.00
2017,06,Central,Furniture,Furnishings,603.8420,19,-17.4176,2.40
2017,06,Central,Furniture,Tables,873.7240,7,-196.3638,1.10
2017,06,Central,"Office Supplies",Art,44.1200,12,9.6299,0.20
2017,12,Central,"Office Supplies",Paper,939.2520,75,378.5344,2.20
2017,12,Central,Technology,Accessories,1622.9620,40,441.0193,0.60
2017,03,Central,"Office Supplies",Appliances,123.4760,16,-324.8028,2.40
2017,03,Central,Technology,Accessories,311.7480,11,56.3096,0.60
2017,03,Central,"Office Supplies",Binders,1265.5860,39,106.6527,4.00
2016,11,East,"Office Supplies",Storage,1176.3000,35,160.6573,0.40
2017,11,South,Technology,Machines,7999.9800,4,-3839.9904,0.50
2017,11,South,"Office Supplies",Appliances,2292.8240,17,253.9075,1.00
2017,12,East,Furniture,Bookcases,1024.0760,10,74.9420,0.60
2017,09,South,"Office Supplies",Envelopes,24.4480,4,8.8624,0.20
2017,05,East,"Office Supplies",Appliances,406.4700,9,146.0103,0.00
2017,05,East,Technology,Phones,847.9500,5,224.3067,0.00
2017,05,East,Technology,Accessories,633.3880,22,180.1411,0.20
2016,02,West,"Office Supplies",Paper,323.2200,9,155.2628,0.00
2016,12,Central,Furniture,Tables,2234.9000,5,336.1644,0.00
2016,12,Central,"Office Supplies",Storage,323.2300,5,86.7349,0.00
2016,07,South,"Office Supplies",Supplies,45.5840,7,5.1282,0.20
2017,09,Central,"Office Supplies",Envelopes,191.2560,15,64.9352,0.80
2016,12,East,"Office Supplies",Paper,404.2320,33,187.4004,0.40
2016,12,East,Furniture,Tables,1407.8070,10,-468.3202,1.50
2016,12,East,Furniture,Chairs,5738.9240,29,679.2492,0.90
2016,12,East,"Office Supplies",Labels,143.7740,11,65.7485,0.20
2017,01,West,Technology,Accessories,701.5780,16,115.7937,0.40
2017,01,West,"Office Supplies",Binders,2589.6420,40,865.7366,2.10
2017,01,West,Furniture,Bookcases,84.9800,1,18.6956,0.00
2016,08,Central,"Office Supplies",Supplies,292.0640,11,-39.4996,0.60
2016,03,Central,Technology,Phones,1412.6260,18,133.5912,0.80
2017,10,Central,"Office Supplies",Binders,2072.9040,44,658.7685,5.60
2017,10,Central,Furniture,Furnishings,184.4080,16,41.4762,1.20
2016,04,West,Technology,Copiers,1199.9760,3,374.9925,0.20
2016,09,South,Furniture,Tables,2508.8960,10,-2.8905,0.85
2017,11,South,"Office Supplies",Labels,17.3180,5,7.4242,0.20
2016,05,South,Furniture,Chairs,1219.2880,19,167.0478,0.40
2017,01,Central,"Office Supplies",Binders,6440.2060,56,1330.3055,4.80
2017,01,Central,Technology,Phones,2442.9580,12,352.9990,0.20
2017,01,Central,"Office Supplies",Art,311.9360,19,75.7014,0.80
2017,01,Central,Furniture,Furnishings,209.8700,17,-159.7038,0.60
2017,03,West,"Office Supplies",Binders,764.9040,69,260.8732,3.00
2017,02,West,Furniture,Furnishings,653.0540,17,121.3636,0.20
2017,02,West,Technology,Phones,2397.5680,31,215.2362,1.60
2016,03,South,"Office Supplies",Paper,378.4000,18,174.3232,0.00
2017,04,West,Furniture,Furnishings,709.1440,34,215.9946,0.20
2017,05,West,Furniture,Furnishings,113.8120,10,41.1086,0.20
2017,05,West,Technology,Accessories,2349.7280,34,875.1365,0.40
2017,06,East,"Office Supplies",Labels,9.8200,2,4.8118,0.00
2017,08,Central,"Office Supplies",Fasteners,35.0000,7,16.8000,0.00
2017,08,Central,"Office Supplies",Supplies,64.6020,9,15.6473,0.20
2017,08,Central,"Office Supplies",Envelopes,85.3600,8,42.5272,0.00
2017,06,South,Furniture,Chairs,1273.8640,8,129.2868,0.40
2017,06,South,"Office Supplies",Appliances,286.9400,20,59.7084,0.60
2017,06,South,Technology,Phones,3817.7860,25,521.5633,0.80
2016,07,South,"Office Supplies",Art,138.4360,12,32.6062,0.20
2016,07,South,"Office Supplies",Appliances,23.6960,2,6.5164,0.20
2016,07,South,Technology,Machines,265.4750,1,-111.4995,0.50
2016,11,West,"Office Supplies",Supplies,103.7940,17,20.0882,0.20
2016,11,West,"Office Supplies",Labels,738.8940,19,279.6429,0.20
2017,01,East,Furniture,Furnishings,118.5440,8,30.7760,0.40
2016,06,West,"Office Supplies",Art,20.8400,9,5.8888,0.00
2016,05,South,"Office Supplies",Art,345.3760,30,95.3610,0.40
2016,02,East,Furniture,Furnishings,259.7700,20,114.8192,0.00
2016,02,East,"Office Supplies",Storage,657.2700,8,95.6355,0.00
2017,04,East,"Office Supplies",Paper,390.2280,28,173.3680,0.80
2017,04,East,"Office Supplies",Fasteners,15.0800,7,5.2630,0.20
2016,01,South,Technology,Accessories,507.4720,10,72.2878,0.20
2016,01,South,"Office Supplies",Art,52.8640,5,6.5424,0.40
2016,01,South,Technology,Phones,167.9680,4,16.0570,0.40
2016,09,East,"Office Supplies",Labels,105.6960,21,44.9710,0.40
2017,08,South,"Office Supplies",Paper,523.0960,27,185.3703,1.40
2016,01,East,Furniture,Furnishings,438.7300,20,85.0628,0.40
2016,01,East,Technology,Accessories,812.0860,12,230.7939,0.20
2017,11,East,Furniture,Chairs,3983.3460,26,422.1416,1.20
2016,10,Central,Furniture,Furnishings,400.1180,44,-177.5740,3.00
2017,10,East,"Office Supplies",Binders,265.4440,33,-43.3436,2.70
2017,06,East,"Office Supplies",Binders,466.8470,39,92.1214,3.60
2016,11,West,"Office Supplies",Storage,1030.9680,19,260.8176,0.20
2016,10,Central,"Office Supplies",Envelopes,75.4000,9,24.5050,0.40
2017,11,Central,"Office Supplies",Labels,67.9600,17,26.7900,0.60
2016,04,West,"Office Supplies",Paper,276.8440,23,125.9820,0.40
2016,04,West,"Office Supplies",Storage,838.1060,18,94.0538,0.20
2017,09,Central,Technology,Accessories,3810.1300,53,1372.9828,0.60
2017,09,Central,"Office Supplies",Storage,938.9580,13,50.8060,0.60
2016,03,Central,"Office Supplies",Envelopes,332.3040,9,111.6951,0.60
2016,03,Central,"Office Supplies",Storage,12.9920,1,-0.8120,0.20
2017,04,East,"Office Supplies",Art,165.4260,19,39.3095,0.60
2017,09,East,"Office Supplies",Paper,1449.2600,100,670.4217,1.60
2016,06,East,"Office Supplies",Appliances,1237.8360,14,266.0712,0.40
2017,11,West,Technology,Accessories,2189.8140,75,629.8625,0.60
2016,12,West,Furniture,Tables,9783.3180,49,-510.0178,3.20
2017,11,East,Furniture,Tables,2662.1460,21,-855.6606,1.60
2017,04,East,Furniture,Furnishings,545.6340,23,59.3734,1.20
2017,12,Central,"Office Supplies",Art,222.4760,33,49.1552,1.00
2017,12,Central,Furniture,Bookcases,538.7728,6,29.7968,0.32
2017,11,South,"Office Supplies",Storage,2738.2400,34,301.5014,0.60
2017,05,West,Technology,Phones,2756.4560,33,244.6658,1.60
2017,05,West,"Office Supplies",Binders,348.8320,28,104.5640,2.40
2017,05,West,"Office Supplies",Paper,737.2600,48,330.2671,0.60
2016,09,West,"Office Supplies",Envelopes,409.5800,13,192.9034,0.00
2017,04,East,"Office Supplies",Labels,29.1300,8,14.2737,0.00
2017,04,East,"Office Supplies",Storage,4637.2560,23,713.5448,1.00
2017,10,East,Technology,Phones,3655.6460,41,588.8924,2.00
2017,07,West,"Office Supplies",Binders,228.0560,28,68.6416,2.80
2017,01,Central,Technology,Machines,3410.9550,5,832.0843,0.20
2016,10,East,Furniture,Chairs,1519.7710,25,159.9194,0.50
2017,09,Central,"Office Supplies",Labels,45.5440,15,19.3448,0.40
2017,09,Central,Technology,Machines,336.5100,3,44.8680,0.40
2017,05,East,Furniture,Furnishings,1033.5780,30,232.1524,0.20
2017,05,East,"Office Supplies",Art,127.8220,21,36.1091,0.20
2016,08,West,"Office Supplies",Fasteners,10.2300,3,4.9104,0.00
2016,08,West,"Office Supplies",Paper,376.9200,41,173.5323,0.20
2017,08,Central,Technology,Phones,1704.0580,13,397.6050,0.40
2017,06,West,Furniture,Furnishings,336.8200,11,110.3034,0.00
2016,01,East,"Office Supplies",Paper,238.9640,22,103.3274,0.40
2016,01,East,Technology,Phones,357.9440,8,37.1662,0.80
2016,11,East,"Office Supplies",Paper,729.6860,50,305.1016,1.20
2016,04,Central,Furniture,Furnishings,338.5720,16,-78.4626,1.80
2016,03,Central,Furniture,Tables,2137.9930,16,-81.8616,1.40
2016,09,East,Furniture,Bookcases,1765.1520,14,109.0578,0.40
2017,07,Central,"Office Supplies",Art,175.2880,17,36.3999,0.60
2017,07,Central,"Office Supplies",Appliances,768.2840,19,81.3572,0.80
2017,10,Central,Furniture,Chairs,748.0200,20,-98.7222,0.90
2016,03,South,Technology,Phones,1363.9600,5,85.2475,0.20
2016,03,South,Furniture,Furnishings,453.7700,21,126.5391,0.20
2016,10,West,Furniture,Chairs,3571.8800,26,181.2200,1.40
2017,09,Central,"Office Supplies",Supplies,1.7440,1,-0.3488,0.20
2016,11,West,Technology,Accessories,3568.6840,41,985.5323,0.20
2016,09,Central,"Office Supplies",Art,333.8760,24,68.1968,0.60
2017,09,West,"Office Supplies",Appliances,1476.8780,26,394.7696,0.40
2017,09,West,"Office Supplies",Storage,1339.2180,32,253.7107,0.60
2017,09,West,"Office Supplies",Binders,6269.2950,106,1958.6824,7.20
2016,03,East,Furniture,Tables,1080.5980,10,-296.2930,0.70
2016,03,East,"Office Supplies",Paper,289.7800,17,133.3821,0.20
2016,03,East,Technology,Machines,5349.0300,10,1757.2557,0.70
2016,08,West,Technology,Phones,2696.9120,32,212.5482,2.00
2016,08,West,"Office Supplies",Labels,3.1500,1,1.5120,0.00
2017,01,South,"Office Supplies",Storage,348.2080,7,30.4682,0.20
2017,01,South,"Office Supplies",Binders,132.4840,37,-51.7394,4.20
2016,06,West,Furniture,Furnishings,297.2220,9,-2.7939,0.20
2016,06,West,Technology,Accessories,446.2200,6,146.0299,0.00
2017,04,Central,"Office Supplies",Binders,770.1560,46,149.5154,5.60
2016,11,Central,"Office Supplies",Storage,2302.7160,38,71.7742,1.20
2016,11,Central,Furniture,Furnishings,463.9320,33,-392.3878,4.20
2016,11,Central,"Office Supplies",Fasteners,62.7120,15,22.7568,0.40
2016,11,Central,"Office Supplies",Envelopes,328.4880,11,143.2107,0.20
2016,11,Central,"Office Supplies",Paper,598.4700,34,262.7162,1.20
2016,07,West,"Office Supplies",Labels,116.0600,13,54.4537,0.00
2016,04,South,Furniture,Tables,343.9200,4,75.6624,0.00
2016,04,South,"Office Supplies",Envelopes,81.8200,9,37.3566,0.00
2016,12,West,"Office Supplies",Paper,1219.2780,82,572.5442,0.20
2016,06,East,"Office Supplies",Labels,221.9660,33,99.0116,0.40
2016,12,South,"Office Supplies",Storage,1210.0920,15,30.3813,0.40
2016,11,Central,"Office Supplies",Appliances,259.9320,11,56.2296,0.10
2016,12,West,"Office Supplies",Art,206.0160,46,55.2246,0.40
2017,06,Central,"Office Supplies",Binders,311.8840,44,-353.2207,6.40
2017,12,East,"Office Supplies",Paper,784.7000,45,348.0518,0.80
2016,08,East,"Office Supplies",Supplies,27.9300,3,8.0997,0.00
2016,04,Central,Technology,Accessories,690.6240,12,129.4632,0.40
2017,01,South,"Office Supplies",Envelopes,40.0800,4,13.9854,0.40
2017,01,South,Technology,Phones,3059.8340,14,772.0738,0.40
2017,02,West,"Office Supplies",Appliances,2126.2100,20,597.7956,0.00
2017,02,West,Furniture,Chairs,1855.3600,7,197.5752,0.40
2017,02,West,"Office Supplies",Paper,343.9800,23,164.6726,0.00
2016,04,Central,Furniture,Chairs,1895.2560,13,280.6880,0.60
2016,04,Central,"Office Supplies",Binders,1138.9200,14,-1915.7896,1.60
2017,08,South,Technology,Phones,4675.8160,19,348.1857,0.60
2016,07,East,"Office Supplies",Storage,546.2500,16,24.1364,0.80
2016,07,East,"Office Supplies",Binders,1435.1760,34,-921.4047,4.10
2016,07,East,"Office Supplies",Fasteners,43.6800,16,20.2188,0.00
2016,07,East,"Office Supplies",Art,75.9400,19,13.4954,0.60
2016,07,East,Furniture,Bookcases,756.5860,9,-56.3604,0.70
2017,09,East,"Office Supplies",Binders,1002.6760,61,-319.0151,11.10
2017,09,East,Technology,Accessories,3966.7440,68,923.6928,2.40
2017,09,East,Technology,Phones,7960.1460,39,486.3762,1.60
2016,12,East,Furniture,Furnishings,1892.6300,42,502.1351,0.20
2016,12,East,Technology,Accessories,592.0720,12,130.5701,0.40
2016,12,East,"Office Supplies",Binders,4399.9010,75,1647.9646,5.90
2017,11,West,"Office Supplies",Envelopes,91.8600,9,45.7772,0.00
2017,11,West,"Office Supplies",Art,139.3300,37,42.3525,0.00
2016,05,East,Technology,Copiers,9239.9640,6,1189.9958,0.80
2016,10,South,Furniture,Furnishings,435.1240,22,96.8418,1.00
2016,10,South,"Office Supplies",Binders,364.4260,36,17.4094,4.20
2016,02,East,"Office Supplies",Binders,398.3520,3,124.4850,0.20
2016,02,East,"Office Supplies",Fasteners,45.2000,10,21.8152,0.00
2017,05,South,"Office Supplies",Envelopes,113.9220,12,45.8739,0.20
2017,12,East,"Office Supplies",Art,122.9640,36,33.8026,1.20
2017,12,East,Furniture,Chairs,3902.7260,44,393.7388,1.70
2017,03,East,"Office Supplies",Art,143.8580,19,43.9209,0.20
2017,03,East,Technology,Phones,3198.5680,49,216.9081,2.00
2017,03,East,Furniture,Furnishings,245.3100,17,57.5595,0.80
2016,12,South,Technology,Accessories,1056.5820,24,292.7058,0.60
2017,10,South,Technology,Phones,1102.2480,7,126.0624,0.60
2016,10,Central,Technology,Phones,843.0500,14,327.7639,0.00
2017,06,South,"Office Supplies",Paper,246.9920,27,95.8344,0.80
2016,04,Central,"Office Supplies",Appliances,48.7920,3,-126.8592,0.80
2016,05,Central,"Office Supplies",Paper,1376.5380,49,630.4274,1.40
2016,05,Central,Furniture,Chairs,4451.1530,17,463.9570,0.90
2016,05,Central,Technology,Accessories,314.1280,8,0.7269,0.60
2016,05,Central,"Office Supplies",Art,155.3960,22,19.7560,0.40
2016,09,Central,Technology,Phones,1899.3340,31,328.4796,0.60
2017,04,South,"Office Supplies",Labels,55.8840,15,20.4270,1.00
2016,11,East,Furniture,Furnishings,658.7520,35,184.5792,1.00
2016,11,East,"Office Supplies",Art,330.0900,21,92.8612,0.00
2016,11,West,"Office Supplies",Paper,783.8720,40,364.5784,0.60
2016,12,South,Furniture,Furnishings,1547.1100,27,527.5664,0.00
2017,07,South,Furniture,Furnishings,150.5660,14,17.2003,0.40
2017,07,South,Technology,Phones,581.9300,12,147.1169,0.20
2016,07,Central,Technology,Phones,2451.2200,34,453.9424,0.60
2016,06,West,"Office Supplies",Binders,202.2320,44,69.7371,1.60
2016,06,West,"Office Supplies",Appliances,382.2700,12,110.8464,0.00
2016,06,West,"Office Supplies",Storage,255.6200,7,35.0100,0.00
2016,06,West,Furniture,Chairs,767.0560,9,60.0390,0.60
2016,09,East,Furniture,Chairs,2802.6090,17,280.2975,1.60
2016,12,West,"Office Supplies",Supplies,625.0200,9,41.2074,0.00
2017,02,East,"Office Supplies",Binders,71.9800,18,7.5839,2.30
2017,02,East,"Office Supplies",Storage,1031.5120,10,156.7734,0.20
2017,10,South,"Office Supplies",Paper,246.7120,33,93.8830,1.60
2017,10,West,"Office Supplies",Art,240.5080,26,54.0743,0.40
2017,06,East,Technology,Phones,1305.4320,25,146.8121,1.60
2017,06,East,"Office Supplies",Storage,2811.2220,30,495.8960,0.60
2016,05,East,"Office Supplies",Storage,2361.5840,24,38.6017,0.80
2017,03,East,"Office Supplies",Paper,506.1400,31,239.9284,0.00
2017,01,South,Technology,Machines,695.7000,2,-27.8280,0.50
2016,03,South,"Office Supplies",Storage,580.3600,11,138.9117,0.20
2017,05,West,Furniture,Tables,1044.5220,10,57.2621,0.60
2016,05,South,"Office Supplies",Paper,625.3360,41,270.2926,0.80
2017,04,Central,Furniture,Furnishings,641.8080,13,91.2243,1.80
2017,10,East,"Office Supplies",Art,129.8860,10,12.3603,0.20
2017,11,West,Technology,Machines,3055.9620,6,256.0005,1.10
2017,11,West,Technology,Phones,2562.3840,37,206.1578,2.00
2017,07,West,Furniture,Furnishings,1391.8100,38,415.5315,0.00
2017,03,East,Technology,Accessories,665.6040,24,155.4600,0.20
2016,02,South,"Office Supplies",Storage,2074.4460,18,225.7908,0.20
2016,02,South,"Office Supplies",Paper,830.6760,21,397.6682,0.20
2016,02,South,"Office Supplies",Fasteners,9.4500,5,0.1890,0.00
2016,02,South,Furniture,Furnishings,487.8340,18,31.0694,0.20
2016,02,South,Furniture,Bookcases,239.9800,2,52.7956,0.00
2016,02,South,"Office Supplies",Envelopes,167.9600,2,78.9412,0.00
2016,02,South,Technology,Phones,1717.6560,9,281.2626,0.20
2017,07,South,"Office Supplies",Art,135.5400,18,37.2042,0.40
2017,10,Central,Furniture,Tables,2089.8710,19,-572.5680,2.10
2016,11,South,Technology,Phones,479.5000,10,65.8842,0.60
2016,11,South,"Office Supplies",Envelopes,251.7900,3,118.3413,0.00
2016,04,East,Furniture,Tables,205.1760,2,-58.1332,0.40
2016,09,East,"Office Supplies",Art,98.8080,11,21.7752,0.80
2016,09,West,Furniture,Tables,2236.3230,10,70.7418,0.90
2016,07,East,Furniture,Chairs,661.7700,4,103.5500,0.20
2016,07,East,Furniture,Furnishings,204.3480,9,27.5468,0.20
2017,01,West,Furniture,Furnishings,540.0900,18,220.1890,0.00
2017,06,East,"Office Supplies",Art,101.7080,15,23.2608,0.40
2017,04,East,"Office Supplies",Binders,135.1440,34,-52.4782,5.10
2016,05,Central,Technology,Phones,2491.4140,18,218.7414,0.80
2017,06,Central,"Office Supplies",Storage,1123.6300,16,5.1241,0.60
2017,06,Central,Furniture,Chairs,3453.2000,18,419.4458,0.60
2016,11,South,"Office Supplies",Paper,216.7480,17,85.9368,0.80
2016,11,South,"Office Supplies",Binders,154.7560,22,51.3554,2.10
2016,11,South,Technology,Machines,3040.0000,8,1459.2000,0.00
2017,06,South,"Office Supplies",Binders,217.9460,20,93.0790,1.40
2017,06,South,Furniture,Tables,573.9000,5,39.7170,0.40
2016,08,Central,Furniture,Chairs,1024.7160,6,-29.2776,0.30
2017,12,Central,Furniture,Chairs,3410.5240,17,603.2766,0.90
2017,03,East,"Office Supplies",Labels,146.5600,16,67.8657,0.00
2016,11,South,"Office Supplies",Supplies,237.5120,9,-28.8927,0.40
2017,08,South,"Office Supplies",Art,9.7280,2,1.7024,0.20
2016,10,West,Technology,Accessories,1354.9300,20,321.5340,0.20
2017,04,East,"Office Supplies",Envelopes,79.9400,5,36.8220,0.00
2017,10,West,Furniture,Furnishings,204.7000,16,62.9048,0.00
2017,09,Central,"Office Supplies",Art,111.1920,23,23.7312,1.40
2017,11,Central,"Office Supplies",Paper,826.4180,52,336.6761,1.20
2016,11,West,Technology,Phones,932.0560,9,85.8707,1.00
2016,09,South,Technology,Machines,396.0000,4,190.0800,0.00
2017,08,Central,"Office Supplies",Storage,550.4400,20,11.3160,0.80
2017,08,Central,"Office Supplies",Binders,175.7220,37,-21.4212,4.80
2017,02,West,"Office Supplies",Binders,52.2960,9,17.7963,0.40
2017,04,Central,"Office Supplies",Art,39.3360,10,7.8160,0.60
2017,08,West,"Office Supplies",Storage,3989.9000,56,780.8345,0.40
2017,08,West,"Office Supplies",Fasteners,8.3760,3,2.7222,0.20
2017,02,West,Furniture,Bookcases,203.9830,2,16.7986,0.15
2016,10,East,"Office Supplies",Appliances,73.1100,6,19.6230,0.00
2017,09,East,Furniture,Bookcases,782.9400,3,203.5644,0.00
2017,11,Central,"Office Supplies",Appliances,174.8260,22,-208.2812,2.40
2017,10,South,"Office Supplies",Binders,2021.4450,30,-1264.8539,3.50
2016,05,East,"Office Supplies",Envelopes,36.2240,7,16.4064,0.20
2016,05,East,"Office Supplies",Art,105.5200,14,16.8604,0.60
2017,06,East,Furniture,Tables,1429.3980,7,-411.4089,0.80
2017,06,West,"Office Supplies",Paper,735.6240,41,351.7326,0.20
2016,02,East,"Office Supplies",Appliances,170.8800,3,49.5552,0.00
2016,04,Central,"Office Supplies",Art,47.0560,11,9.0828,0.40
2016,04,Central,"Office Supplies",Fasteners,37.0900,10,11.9200,0.20
2017,05,East,Furniture,Chairs,896.4400,12,-126.6936,0.90
2017,11,Central,"Office Supplies",Supplies,36.5320,6,7.3048,0.20
2017,11,Central,"Office Supplies",Art,543.2680,59,110.6142,1.40
2016,05,East,Furniture,Furnishings,989.2740,49,276.4725,0.60
2016,12,South,"Office Supplies",Art,78.8820,17,11.0211,0.60
2017,11,East,"Office Supplies",Art,535.9760,40,135.0733,0.40
2016,04,West,Technology,Phones,39.9600,5,12.9870,0.20
2016,04,West,"Office Supplies",Art,78.6600,8,22.7568,0.00
2016,03,East,Technology,Accessories,895.6420,18,188.0296,0.80
2016,09,East,"Office Supplies",Storage,2552.2500,34,398.6403,0.80
2017,07,West,Technology,Accessories,5201.6700,29,1748.5216,0.00
2017,06,East,Furniture,Furnishings,380.7840,14,77.8758,0.40
2016,05,East,"Office Supplies",Paper,253.4040,21,108.0604,1.00
2016,05,East,Technology,Accessories,917.6580,20,18.8812,0.60
2016,05,East,"Office Supplies",Binders,305.8940,26,102.7382,1.90
2017,11,West,"Office Supplies",Fasteners,35.8000,10,14.2260,0.00
2017,01,West,Technology,Phones,1322.2240,19,217.9282,1.00
2017,04,East,Technology,Phones,960.2020,11,-138.1234,0.80
2016,11,Central,Technology,Accessories,1429.9260,50,218.9057,2.00
2017,10,Central,Technology,Phones,3186.0560,29,499.0014,1.00
2016,03,West,Technology,Accessories,85.4300,5,24.4329,0.00
2017,07,Central,Technology,Phones,871.4820,13,239.0862,0.60
2016,05,West,"Office Supplies",Storage,110.2600,4,27.0866,0.00
2017,04,East,"Office Supplies",Appliances,458.2740,13,80.2093,0.40
2016,03,East,Furniture,Furnishings,1586.6160,35,450.6641,0.40
2016,06,Central,Technology,Accessories,166.6040,14,29.8909,0.60
2017,10,West,"Office Supplies",Labels,246.4900,25,114.9709,0.00
2017,10,West,Technology,Phones,805.6880,35,47.4411,2.00
2017,10,West,"Office Supplies",Appliances,2187.7200,24,641.3076,0.00
2017,09,Central,Furniture,Tables,1277.8150,12,-632.4155,0.80
2017,10,West,Furniture,Bookcases,1282.0750,15,-354.6496,1.00
2016,05,East,"Office Supplies",Appliances,1064.5080,16,258.6074,0.40
2017,04,East,Furniture,Tables,1048.3500,5,-69.8900,0.40
2016,02,South,Technology,Accessories,100.0000,4,21.0000,0.00
2016,02,South,"Office Supplies",Labels,7.8300,3,3.6018,0.00
2016,07,Central,"Office Supplies",Art,411.4240,19,47.1618,0.80
2017,07,South,"Office Supplies",Appliances,256.6980,8,67.8138,0.20
2017,10,East,Technology,Accessories,1179.3300,17,131.7902,0.20
2016,08,South,"Office Supplies",Binders,49.7700,20,-8.4798,2.10
2016,08,South,"Office Supplies",Paper,87.6480,16,29.5236,0.80
2016,08,South,"Office Supplies",Supplies,63.1080,4,14.0240,0.20
2016,08,South,"Office Supplies",Labels,135.9820,18,65.1932,0.40
2016,08,South,Furniture,Furnishings,296.3400,12,87.1548,0.00
2017,03,Central,"Office Supplies",Supplies,6.9760,4,-1.3952,0.20
2017,08,East,"Office Supplies",Storage,1931.4580,19,-308.8050,0.40
2016,08,Central,"Office Supplies",Fasteners,11.1680,4,3.6296,0.20
2017,09,East,"Office Supplies",Supplies,4854.6320,9,-1092.2922,0.40
2016,02,Central,Technology,Phones,69.9300,7,0.6993,0.00
2016,10,Central,"Office Supplies",Paper,170.9840,18,57.9949,1.00
2016,02,Central,"Office Supplies",Appliances,582.3840,15,-88.2672,0.80
2016,02,Central,"Office Supplies",Fasteners,6.9760,4,1.8312,0.20
2016,02,Central,Furniture,Chairs,304.4580,7,-2.6982,0.60
2016,02,Central,"Office Supplies",Paper,5.1840,1,1.8144,0.20
2017,08,Central,Technology,Machines,1439.9820,3,-263.9967,0.40
2017,08,Central,"Office Supplies",Paper,410.5120,30,163.6220,1.00
2017,02,South,"Office Supplies",Appliances,1245.8600,7,361.2994,0.00
2016,07,South,Furniture,Chairs,504.7300,6,39.4268,0.20
2017,01,East,"Office Supplies",Paper,166.6760,17,75.4656,0.20
2017,09,West,Furniture,Chairs,4286.3600,32,285.3167,2.00
2017,05,Central,"Office Supplies",Binders,1103.3640,41,375.6046,5.60
2017,03,East,Furniture,Bookcases,699.5280,4,72.6744,0.20
2016,10,West,Furniture,Tables,727.4500,5,-465.5680,0.50
2017,11,West,Furniture,Tables,7368.1800,37,691.8420,0.80
2016,03,East,Furniture,Bookcases,778.2290,9,-431.2600,1.20
2017,03,Central,Technology,Phones,1099.8880,14,94.3302,1.00
2017,03,South,"Office Supplies",Binders,473.0240,35,129.8524,1.40
2017,01,Central,"Office Supplies",Labels,17.5200,7,6.2760,0.40
2017,12,South,"Office Supplies",Envelopes,190.7640,4,88.9158,0.20
2017,12,South,"Office Supplies",Art,211.6140,34,33.8260,1.20
2016,06,South,"Office Supplies",Storage,191.8800,6,19.1880,0.00
2016,08,Central,Technology,Phones,224.7500,5,62.7822,0.00
2017,10,West,Technology,Accessories,2876.9740,52,646.4047,0.40
2017,10,Central,"Office Supplies",Storage,2000.7300,28,39.8264,1.00
2017,07,Central,"Office Supplies",Paper,587.3040,30,208.0438,1.00
2017,07,Central,Technology,Machines,597.1320,3,49.7610,0.40
2017,08,East,Furniture,Chairs,6658.6380,16,-159.4506,0.40
2017,03,West,Technology,Accessories,2621.7000,38,833.7085,0.00
2016,06,West,Technology,Phones,4781.1760,28,508.0038,1.20
2017,03,West,"Office Supplies",Paper,1189.9000,43,573.4761,0.00
2017,03,West,"Office Supplies",Storage,2671.2700,33,365.0850,0.00
2017,03,West,Technology,Phones,2237.3360,27,39.6081,1.40
2017,08,South,Furniture,Bookcases,145.7400,3,23.3184,0.00
2017,08,South,Furniture,Furnishings,50.1680,8,7.8096,0.40
2017,08,Central,"Office Supplies",Labels,230.9600,21,107.5440,0.20
2017,09,East,Furniture,Tables,598.7460,3,-282.6472,0.80
2017,09,East,"Office Supplies",Appliances,103.8400,8,30.1136,0.00
2017,09,Central,"Office Supplies",Appliances,138.4900,15,-194.9943,2.40
2017,12,East,"Office Supplies",Supplies,794.7300,16,61.7720,0.00
2017,05,Central,"Office Supplies",Art,237.2160,27,58.0194,0.60
2017,05,Central,Technology,Accessories,600.7120,11,105.4347,0.40
2016,07,East,Technology,Copiers,1439.9760,4,191.9968,0.40
2017,06,West,"Office Supplies",Fasteners,14.1840,4,-0.7659,0.20
2017,04,West,Technology,Accessories,594.3500,20,94.8615,0.00
2017,04,West,"Office Supplies",Art,244.1460,22,70.3652,0.20
2017,12,South,"Office Supplies",Storage,1394.7560,22,134.5766,0.60
2017,12,South,Furniture,Chairs,3718.5040,31,888.2063,0.20
2017,08,Central,Furniture,Bookcases,183.3720,2,-36.6744,0.30
2016,09,South,Furniture,Chairs,1999.2420,11,491.9293,0.20
2016,09,South,"Office Supplies",Paper,383.6080,23,172.9890,0.60
2016,09,South,"Office Supplies",Storage,1216.1500,18,157.1787,0.00
2017,08,West,"Office Supplies",Binders,4683.8720,66,1600.0846,3.00
2016,09,West,"Office Supplies",Binders,1021.8140,57,333.6826,4.30
2017,09,Central,Furniture,Chairs,2424.4740,26,235.1601,0.90
2016,07,East,"Office Supplies",Appliances,1206.5000,21,295.9459,0.40
2016,07,East,"Office Supplies",Paper,337.7560,29,136.9412,0.40
2017,12,Central,Furniture,Tables,1994.3080,8,69.7104,0.30
2016,06,East,"Office Supplies",Fasteners,13.6080,8,4.9626,0.20
2017,07,East,Furniture,Tables,664.1790,6,-187.4191,1.10
2017,09,West,Technology,Accessories,1590.0160,38,397.2846,0.80
2017,04,West,"Office Supplies",Paper,776.9560,30,370.8235,0.20
2017,04,West,"Office Supplies",Binders,1263.5560,47,378.5276,3.30
2017,09,Central,Furniture,Bookcases,1067.1340,11,-76.7488,0.30
2016,09,East,"Office Supplies",Fasteners,16.6880,7,5.4236,0.20
2017,11,Central,Furniture,Chairs,2539.3440,18,82.0254,1.50
2016,07,West,"Office Supplies",Fasteners,25.4400,8,10.8192,0.00
2017,10,South,"Office Supplies",Art,42.2400,13,7.8378,0.60
2016,01,West,"Office Supplies",Art,74.2600,3,20.3450,0.00
2016,10,Central,Technology,Accessories,2027.3180,17,580.0044,0.60
2016,10,Central,"Office Supplies",Art,106.9660,13,21.8054,0.60
2016,10,Central,"Office Supplies",Binders,943.4780,27,381.1656,1.60
2017,01,East,"Office Supplies",Art,22.3040,7,3.2496,0.40
2017,01,East,Technology,Accessories,521.8860,12,148.4715,0.20
2017,01,East,Technology,Phones,675.5220,8,-84.2111,0.80
2016,07,Central,"Office Supplies",Binders,25.4320,11,-41.0484,2.40
2016,05,East,"Office Supplies",Labels,65.0200,7,31.1714,0.20
2016,05,East,Furniture,Chairs,442.7640,4,59.0352,0.10
2016,05,East,Technology,Machines,4224.8870,8,995.0317,0.70
2016,07,South,Technology,Accessories,104.9800,4,25.4852,0.00
2017,08,Central,Furniture,Furnishings,203.0440,9,-40.6138,1.20
2016,12,West,"Office Supplies",Appliances,413.8680,20,116.3172,0.40
2016,09,South,"Office Supplies",Art,204.6260,27,39.6640,0.80
2017,07,West,Technology,Phones,3394.0400,32,289.5091,1.20
2016,03,West,Furniture,Bookcases,72.2940,1,-98.8018,0.70
2017,07,Central,"Office Supplies",Fasteners,2.8960,2,0.4706,0.20
2016,10,East,Furniture,Tables,1373.3180,6,-408.9698,1.50
2016,07,West,"Office Supplies",Supplies,164.4000,15,41.6550,0.20
2016,11,East,Technology,Phones,4790.8800,38,799.4548,1.60
2017,11,West,"Office Supplies",Appliances,664.5300,14,183.0774,0.00
2017,06,West,Furniture,Chairs,1784.8880,12,100.5966,0.60
2017,02,South,Furniture,Bookcases,591.8900,8,84.9914,0.20
2016,11,South,Technology,Accessories,2011.6100,15,667.9751,0.00
2017,06,East,"Office Supplies",Appliances,17.4800,5,1.3110,0.20
2017,01,West,Furniture,Tables,1292.6520,9,65.3805,0.20
2017,09,South,Furniture,Chairs,1240.2400,10,136.6620,0.40
2017,09,South,"Office Supplies",Paper,1342.1060,52,544.7794,1.40
2016,12,Central,Furniture,Bookcases,1329.0960,19,-119.6444,0.62
2017,11,East,Technology,Accessories,1723.0440,37,606.4527,1.00
2017,07,Central,"Office Supplies",Labels,34.8500,9,16.3795,0.00
2017,07,Central,"Office Supplies",Binders,1182.9100,48,275.8369,4.80
2017,07,Central,Furniture,Chairs,1011.9540,10,24.8898,0.30
2017,07,Central,Technology,Accessories,949.6700,13,287.7543,0.00
2016,09,West,"Office Supplies",Storage,1269.3460,25,6.1441,0.20
2017,03,Central,"Office Supplies",Paper,837.4200,36,334.3308,1.60
2016,11,South,"Office Supplies",Art,77.0700,13,21.1708,0.20
2016,03,Central,"Office Supplies",Paper,186.0560,17,68.1920,0.80
2016,03,South,"Office Supplies",Appliances,1032.1200,5,132.0696,0.20
2016,03,South,"Office Supplies",Binders,109.6260,9,15.9206,0.70
2017,07,East,Technology,Accessories,1371.9960,32,361.2701,0.40
2016,07,Central,Furniture,Furnishings,765.4000,29,-361.5990,2.40
2016,07,Central,"Office Supplies",Fasteners,23.0720,8,10.0205,0.20
2016,07,Central,Furniture,Chairs,1185.3620,11,82.3760,0.60
2017,01,South,"Office Supplies",Fasteners,5.6700,3,0.1134,0.00
2016,05,East,"Office Supplies",Fasteners,7.2160,2,1.7138,0.20
2017,03,West,"Office Supplies",Appliances,788.9300,21,233.7619,0.00
2017,03,West,Technology,Copiers,14959.9280,8,6839.9768,0.40
2016,03,East,"Office Supplies",Art,117.8560,7,29.8052,0.20
2017,08,West,"Office Supplies",Labels,109.2600,12,52.5024,0.00
2017,08,West,"Office Supplies",Art,98.8800,15,26.2224,0.00
2017,04,Central,"Office Supplies",Storage,394.6640,13,-46.2808,0.60
2017,04,Central,"Office Supplies",Envelopes,28.4000,5,13.3480,0.00
2017,01,West,"Office Supplies",Art,84.6200,26,27.5756,0.00
2017,03,West,Furniture,Furnishings,407.1500,25,151.8899,0.00
2016,05,West,Technology,Machines,3326.7760,15,337.8525,0.60
2016,04,Central,"Office Supplies",Paper,19.9360,5,6.4716,0.40
2017,12,East,Furniture,Tables,799.6420,4,-157.3312,0.70
2016,06,Central,"Office Supplies",Binders,19.9960,12,-16.0344,3.20
2017,05,West,"Office Supplies",Labels,96.0700,11,45.1529,0.00
2017,12,West,Furniture,Furnishings,2062.0160,80,358.1957,1.20
2017,05,Central,Technology,Phones,872.3920,16,178.9020,0.80
2016,05,East,Technology,Phones,2281.0100,22,403.9836,0.80
2016,05,East,Furniture,Tables,174.2860,2,-19.9184,0.30
2017,03,East,"Office Supplies",Binders,281.9740,27,80.3368,3.20
2017,03,East,"Office Supplies",Storage,251.4740,14,46.6672,0.40
2017,08,East,"Office Supplies",Appliances,744.1120,10,90.0656,0.20
2017,05,South,"Office Supplies",Paper,577.8880,29,271.3794,0.40
2017,05,South,"Office Supplies",Storage,588.3500,5,170.2833,0.00
2016,01,South,Furniture,Furnishings,330.0480,16,35.8592,0.40
2016,01,South,Furniture,Bookcases,451.1360,4,-67.6704,0.20
2016,01,South,"Office Supplies",Appliances,64.8640,4,6.4864,0.20
2016,11,West,"Office Supplies",Appliances,1446.5200,25,531.9636,0.00
2017,09,West,Furniture,Tables,3621.6160,18,46.9125,0.80
2017,08,West,Technology,Phones,2446.8640,34,236.1034,1.60
2017,08,West,Furniture,Tables,2334.7820,12,286.5952,0.60
2016,09,Central,Furniture,Tables,902.4000,8,-335.1270,0.80
2017,06,South,"Office Supplies",Envelopes,37.6080,3,12.6927,0.20
2017,12,South,"Office Supplies",Binders,201.9720,32,5.5131,1.40
2016,11,Central,Furniture,Chairs,1313.4600,18,-29.2989,0.90
2016,10,Central,"Office Supplies",Labels,109.7640,19,44.6124,0.20
2016,10,Central,"Office Supplies",Appliances,2796.1800,10,1003.6512,0.00
2017,04,West,"Office Supplies",Storage,205.9200,4,2.0592,0.00
2017,04,West,Furniture,Bookcases,930.4780,16,107.5372,0.45
2017,11,South,"Office Supplies",Binders,436.0350,47,108.6312,4.90
2016,08,South,Technology,Phones,750.3280,9,75.0328,0.40
2017,12,South,Technology,Accessories,1168.8260,28,451.0343,0.40
2017,09,East,"Office Supplies",Storage,943.6780,32,201.3642,0.20
2017,05,Central,"Office Supplies",Envelopes,180.9600,2,81.4320,0.00
2017,04,East,"Office Supplies",Supplies,417.9800,13,59.3961,0.00
2016,06,East,Technology,Machines,1349.8500,3,364.4595,0.00
2016,06,East,Furniture,Bookcases,490.3520,3,-39.0666,0.40
2016,03,West,"Office Supplies",Art,16.9900,1,4.9271,0.00
2017,04,West,"Office Supplies",Labels,75.4800,20,36.7220,0.00
2017,10,East,Technology,Copiers,11199.9680,4,3919.9888,0.20
2017,10,East,"Office Supplies",Envelopes,143.5600,11,63.8330,0.20
2017,11,East,Technology,Machines,705.4350,11,-911.8371,0.70
2017,05,West,Furniture,Chairs,1463.2640,23,-25.4676,0.80
2017,06,East,Furniture,Chairs,1982.7660,15,164.1790,0.60
2016,04,South,Technology,Phones,216.3220,8,18.1191,0.20
2016,04,South,Furniture,Furnishings,264.7040,21,55.2132,0.40
2016,09,West,Furniture,Bookcases,1340.1695,11,132.3836,0.45
2017,09,West,Furniture,Bookcases,1785.7820,9,-277.3484,1.55
2017,09,West,"Office Supplies",Labels,156.7960,21,74.0854,0.20
2016,08,West,"Office Supplies",Envelopes,146.7600,8,68.9772,0.00
2017,11,East,"Office Supplies",Envelopes,273.5160,10,126.1714,0.20
2016,05,South,"Office Supplies",Labels,80.8140,10,38.3205,0.20
2016,05,South,Furniture,Tables,2646.1200,13,244.7640,0.40
2017,01,Central,Technology,Accessories,902.4460,23,212.1442,0.40
2016,09,South,"Office Supplies",Envelopes,130.5140,7,43.0475,0.40
2016,09,South,"Office Supplies",Binders,401.0590,47,24.1605,3.50
2016,01,West,Furniture,Furnishings,274.6600,21,101.0315,0.00
2016,02,East,"Office Supplies",Paper,35.1220,3,12.7697,0.20
2017,06,West,"Office Supplies",Supplies,16.6800,2,4.3368,0.00
2017,08,South,Technology,Accessories,911.6160,13,265.1718,0.40
2017,02,West,"Office Supplies",Art,19.4700,6,5.2569,0.00
2017,02,West,Technology,Accessories,941.4820,8,395.8795,0.20
2017,04,South,"Office Supplies",Supplies,477.2400,4,9.5448,0.00
2016,02,East,"Office Supplies",Envelopes,104.2960,8,39.1110,0.40
2017,01,East,"Office Supplies",Appliances,2501.4840,12,468.5674,0.40
2017,12,South,Furniture,Furnishings,209.9480,18,60.4092,0.60
2017,05,East,"Office Supplies",Labels,150.3040,15,73.3134,0.40
2016,10,East,Technology,Phones,1351.0580,19,210.3677,0.80
2016,10,South,Technology,Phones,1076.6160,11,116.1492,0.60
2016,05,West,Furniture,Tables,2055.7440,11,326.0094,0.40
2017,01,South,"Office Supplies",Art,15.4700,7,4.1769,0.00
2016,06,South,Technology,Machines,787.1750,3,-29.6575,1.00
2017,03,Central,"Office Supplies",Storage,500.0080,17,50.3558,0.80
2016,08,West,Furniture,Chairs,2135.8400,10,60.2432,0.40
2016,08,South,Furniture,Chairs,225.2960,2,22.5296,0.20
2017,05,South,Technology,Accessories,166.9720,14,29.4249,0.20
2017,05,South,Technology,Phones,1635.8380,17,335.1330,0.20
2017,05,South,Furniture,Bookcases,2488.0720,17,468.5204,0.20
2017,08,West,"Office Supplies",Appliances,5143.5600,31,1393.3963,0.00
2017,08,West,"Office Supplies",Supplies,83.7480,14,23.3572,0.20
2016,11,East,"Office Supplies",Supplies,14.7200,5,-3.3120,0.20
2016,01,West,Furniture,Chairs,1602.2240,13,10.4172,0.60
2016,01,East,"Office Supplies",Envelopes,92.2200,8,43.8790,0.00
2016,01,East,"Office Supplies",Art,26.5820,12,6.9715,0.20
2016,09,East,"Office Supplies",Supplies,61.6000,10,17.9735,0.00
2016,01,South,Technology,Copiers,959.9680,4,119.9960,0.20
2016,06,Central,Furniture,Chairs,1004.2760,7,-133.0296,0.90
2017,02,West,"Office Supplies",Fasteners,29.0520,11,3.6258,0.20
2017,08,Central,"Office Supplies",Art,23.1520,11,4.2440,0.60
2016,12,West,"Office Supplies",Envelopes,188.3220,16,86.8509,0.20
2017,03,Central,Furniture,Chairs,4874.9520,24,975.8061,0.90
2017,12,West,"Office Supplies",Envelopes,43.7000,5,20.5390,0.00
2017,05,East,"Office Supplies",Binders,1129.1570,35,238.2100,4.60
2016,05,South,Furniture,Furnishings,116.6320,15,32.4338,0.60
2016,05,South,"Office Supplies",Storage,1452.3540,15,165.9708,0.20
2016,02,West,Technology,Accessories,171.0600,7,66.7380,0.00
2016,02,West,"Office Supplies",Binders,49.8080,11,17.4328,0.40
2016,02,West,"Office Supplies",Storage,728.7100,10,63.0696,0.00
2016,09,East,"Office Supplies",Appliances,886.9860,7,209.9075,0.20
2017,10,East,"Office Supplies",Appliances,1068.6880,8,270.1948,0.20
2017,04,West,Technology,Machines,7349.9690,7,-3039.9812,0.90
2016,08,Central,"Office Supplies",Storage,780.3940,12,-165.0824,0.60
2016,08,Central,Furniture,Furnishings,37.5040,10,-16.1320,1.80
2017,11,Central,Furniture,Bookcases,533.7320,5,-41.7234,0.64
2017,10,West,Furniture,Tables,1279.0490,17,-109.2713,1.50
2017,10,West,"Office Supplies",Envelopes,8.9600,2,4.3008,0.00
2017,11,East,"Office Supplies",Appliances,3613.8900,38,792.2070,0.80
2016,01,West,"Office Supplies",Storage,419.4700,11,104.8675,0.00
2017,09,West,Technology,Phones,2949.1440,38,267.2972,2.20
2017,05,South,"Office Supplies",Binders,347.2710,34,63.7349,1.40
2017,02,Central,"Office Supplies",Binders,498.5640,11,-847.1192,2.40
2017,02,Central,Technology,Accessories,175.8880,3,13.0040,0.40
2017,02,Central,Furniture,Furnishings,33.8760,4,-32.4279,1.80
2017,02,Central,"Office Supplies",Appliances,116.7420,13,9.9038,0.80
2017,03,South,Furniture,Furnishings,61.0000,5,25.6200,0.00
2017,03,South,Technology,Phones,878.0300,12,243.7874,0.00
2016,03,East,"Office Supplies",Binders,749.8840,34,247.1173,2.70
2016,03,East,Technology,Phones,2197.7520,26,-132.6288,2.40
2017,04,Central,"Office Supplies",Labels,33.1200,4,11.5920,0.20
2017,04,Central,Furniture,Bookcases,220.2656,4,-42.1096,0.32
2017,04,East,Furniture,Bookcases,242.3520,3,9.0882,0.20
2016,07,Central,"Office Supplies",Labels,24.9600,8,8.8168,0.40
2016,08,West,Technology,Machines,943.1520,9,98.4438,0.40
2016,08,West,"Office Supplies",Supplies,15.8800,4,0.1588,0.00
2017,11,Central,Technology,Phones,3339.3640,28,725.9838,1.40
2017,11,Central,"Office Supplies",Envelopes,83.0880,10,32.7624,0.40
2016,03,South,Technology,Accessories,119.9760,3,-17.9964,0.20
2016,03,Central,Furniture,Chairs,2464.4060,21,-235.9504,1.20
2016,03,Central,"Office Supplies",Art,174.1800,16,22.1373,0.60
2016,08,South,"Office Supplies",Fasteners,23.3400,3,0.2334,0.00
2017,07,East,Technology,Phones,4301.4680,42,-273.4512,2.00
2016,01,West,Technology,Phones,487.5200,10,149.9424,0.40
2016,01,East,Furniture,Tables,495.5190,4,-114.9279,0.70
2016,12,Central,"Office Supplies",Fasteners,24.8500,7,11.6795,0.00
2016,12,South,Furniture,Tables,1136.8340,10,129.2052,0.40
2016,03,South,"Office Supplies",Labels,10.0800,4,3.5280,0.20
2017,05,West,Technology,Copiers,3359.9520,6,1049.9850,0.20
2017,02,Central,"Office Supplies",Art,217.1520,19,58.7504,0.60
2017,10,East,Technology,Machines,6904.8500,15,2119.1901,0.00
2017,08,West,Furniture,Furnishings,916.2980,31,260.2098,0.40
2016,08,East,"Office Supplies",Paper,275.3900,14,130.2619,0.00
2016,08,East,Furniture,Tables,1510.9750,16,-441.4162,1.50
2016,08,East,"Office Supplies",Fasteners,22.2640,11,2.8746,0.20
2016,05,Central,"Office Supplies",Binders,45.7540,19,-71.0167,5.60
2017,08,South,"Office Supplies",Envelopes,17.6560,6,5.7744,0.40
2017,10,South,"Office Supplies",Storage,1187.1640,23,143.9212,0.60
2017,10,South,"Office Supplies",Fasteners,30.6160,7,11.1735,0.20
2017,10,South,Furniture,Tables,6205.5080,26,-1601.0744,1.20
2017,05,Central,Furniture,Furnishings,581.4600,17,70.5352,2.40
2016,09,Central,"Office Supplies",Fasteners,46.0580,18,10.2528,0.40
2016,05,West,"Office Supplies",Appliances,358.7500,11,104.7297,0.00
2016,08,West,Furniture,Tables,3697.8240,15,220.7148,0.80
2016,09,South,Technology,Accessories,1960.4440,21,417.0849,0.60
2017,04,Central,"Office Supplies",Paper,158.1600,13,68.1144,0.60
2017,04,Central,Technology,Accessories,299.0520,12,84.6621,0.40
2016,08,South,"Office Supplies",Appliances,586.8760,6,68.7546,0.20
2017,12,South,Technology,Phones,697.9880,12,156.2424,0.20
2016,05,East,"Office Supplies",Supplies,120.0700,12,34.2713,0.00
2017,10,South,"Office Supplies",Supplies,35.0600,2,10.5180,0.00
2017,10,South,"Office Supplies",Labels,41.0700,11,19.6029,0.00
2016,07,West,"Office Supplies",Paper,180.3800,10,71.2056,0.20
2017,07,West,Technology,Machines,2395.2000,6,209.5800,0.20
2017,08,East,"Office Supplies",Art,601.1000,36,166.6272,0.40
2016,07,South,"Office Supplies",Storage,800.5700,10,27.6233,0.20
2016,07,South,"Office Supplies",Paper,400.5040,24,192.6790,0.20
2016,07,South,Furniture,Tables,2430.0800,8,388.8128,0.00
2017,12,South,"Office Supplies",Supplies,1665.6200,2,33.3124,0.00
2017,06,West,Technology,Accessories,3015.4820,39,715.4861,0.40
2017,08,East,"Office Supplies",Paper,345.8000,17,162.6432,0.40
2016,03,East,"Office Supplies",Envelopes,229.2400,8,103.4514,0.00
2016,09,South,Technology,Phones,692.4000,17,70.8574,0.60
2017,05,West,"Office Supplies",Art,220.3000,33,64.9976,0.00
2017,05,West,"Office Supplies",Storage,1481.3500,22,122.6494,0.00
2016,11,East,"Office Supplies",Appliances,557.6840,14,81.4980,0.60
2017,08,Central,"Office Supplies",Appliances,769.1940,18,93.5306,0.80
2017,04,South,"Office Supplies",Storage,788.6280,5,66.4638,0.20
2017,06,West,"Office Supplies",Envelopes,43.9200,5,15.9210,0.20
2016,10,South,"Office Supplies",Envelopes,101.5480,10,45.7326,0.20
2016,10,South,"Office Supplies",Appliances,43.2600,3,14.2758,0.00
2017,03,Central,"Office Supplies",Art,136.5360,16,15.3642,0.80
2017,05,Central,"Office Supplies",Fasteners,32.7840,10,5.2758,0.20
2016,09,South,"Office Supplies",Supplies,5.0400,2,0.1512,0.00
2016,01,East,"Office Supplies",Binders,223.5720,18,-38.5308,1.30
2017,08,West,Technology,Copiers,1179.9740,3,419.9910,0.20
2017,08,West,Furniture,Chairs,1395.7360,12,94.9160,0.80
2017,08,West,"Office Supplies",Paper,710.5500,24,326.3207,0.60
2016,02,East,"Office Supplies",Art,119.0840,10,10.4076,0.20
2017,05,East,"Office Supplies",Paper,132.9360,10,58.0280,0.40
2016,08,Central,Furniture,Bookcases,398.3328,4,-28.6948,0.32
2017,07,South,Technology,Accessories,65.4240,4,5.5848,0.40
2017,11,South,Furniture,Tables,2305.4460,10,-845.3302,0.80
2016,10,South,Furniture,Chairs,393.5720,2,85.9140,0.20
2016,10,South,Technology,Accessories,22.7040,1,5.9598,0.20
2016,10,South,"Office Supplies",Paper,164.2400,10,59.6256,0.60
2016,10,South,"Office Supplies",Supplies,33.3760,4,-2.9428,0.40
2017,03,Central,"Office Supplies",Labels,32.4520,5,14.3654,0.40
2016,07,South,Technology,Phones,823.9600,5,51.4975,0.20
2017,10,East,Furniture,Bookcases,2469.2520,8,113.5764,0.20
2017,05,Central,Furniture,Chairs,3150.3750,18,453.2156,0.90
2017,05,Central,"Office Supplies",Appliances,1277.7840,16,290.6068,0.90
2017,09,South,"Office Supplies",Binders,2339.2540,19,1074.8578,1.40
2017,02,Central,Furniture,Tables,480.9600,3,-269.3376,0.50
2017,02,Central,Technology,Phones,563.1280,5,-76.7479,0.40
2017,07,West,Furniture,Tables,801.6000,5,-448.8960,0.50
2017,07,West,Furniture,Chairs,1183.3280,13,21.2846,1.00
2017,07,West,"Office Supplies",Paper,215.0760,26,98.9990,0.20
2016,03,Central,Furniture,Bookcases,241.3320,5,-14.1960,0.32
2016,08,East,"Office Supplies",Art,131.7640,27,36.8142,0.40
2016,08,East,Technology,Accessories,577.8940,12,149.6711,0.40
2016,06,East,"Office Supplies",Supplies,835.1700,7,16.7034,0.00
2017,11,South,"Office Supplies",Supplies,2.9440,1,-0.6624,0.20
2017,10,West,"Office Supplies",Fasteners,23.8400,8,10.9664,0.00
2016,07,West,Technology,Copiers,4299.9100,10,1394.9715,0.20
2016,04,West,Furniture,Bookcases,814.1640,8,30.7842,0.30
2016,03,Central,Technology,Machines,287.9100,3,33.5895,0.40
2017,12,South,Technology,Machines,1248.9700,7,-39.7950,1.00
2016,09,West,"Office Supplies",Appliances,254.3600,10,70.8712,0.00
2017,10,Central,"Office Supplies",Appliances,61.2000,10,-157.2596,2.40
2016,04,East,"Office Supplies",Labels,20.7000,2,9.9360,0.00
2016,04,East,"Office Supplies",Supplies,913.4740,23,-122.1838,0.20
2017,05,East,"Office Supplies",Storage,243.6040,4,-49.3852,0.20
2017,05,South,"Office Supplies",Art,54.6600,6,18.0378,0.00
2017,10,West,"Office Supplies",Storage,1615.8200,9,205.1750,0.00
2017,11,South,"Office Supplies",Fasteners,25.0600,7,12.5300,0.00
2016,06,Central,"Office Supplies",Labels,18.9000,3,8.6940,0.00
2017,01,West,Furniture,Chairs,120.7840,1,-13.5882,0.20
2017,09,East,"Office Supplies",Envelopes,60.6640,13,25.3948,0.40
2016,04,South,"Office Supplies",Art,12.8400,3,3.7236,0.00
2016,07,South,"Office Supplies",Binders,265.7100,26,88.8502,1.40
2016,12,East,Furniture,Bookcases,81.9400,1,20.4850,0.00
2016,10,East,Technology,Accessories,98.1600,6,9.8160,0.00
2017,11,East,Technology,Copiers,11399.9520,6,5114.9841,0.40
2016,12,East,"Office Supplies",Appliances,1783.9280,16,432.2175,0.60
2017,06,West,Technology,Machines,385.8000,5,130.2075,0.20
2016,03,West,Furniture,Chairs,2487.0560,16,154.0892,0.80
2017,08,Central,Technology,Accessories,303.0040,12,43.3738,0.40
2017,09,South,"Office Supplies",Appliances,1368.4120,16,196.8064,0.40
2016,11,Central,Furniture,Tables,5110.6780,23,410.2175,0.30
2016,11,Central,Furniture,Bookcases,1298.6248,9,-170.3840,0.32
2017,06,West,Furniture,Tables,871.4000,4,148.1380,0.00
2017,07,West,"Office Supplies",Art,132.7900,14,40.6147,0.00
2016,04,East,Technology,Machines,9099.9300,7,2365.9818,0.00
2016,04,East,Furniture,Furnishings,92.6000,4,10.7244,0.00
2017,08,South,"Office Supplies",Appliances,447.7600,17,43.6046,0.60
2017,10,South,"Office Supplies",Appliances,17.9200,5,1.1200,0.20
2017,04,East,Technology,Accessories,197.0900,5,42.1484,0.20
2017,02,South,Technology,Phones,29.1600,3,8.4564,0.00
2017,09,Central,"Office Supplies",Fasteners,72.4480,13,24.3880,0.60
2016,10,West,"Office Supplies",Appliances,43.9200,4,11.8584,0.00
2017,11,East,Furniture,Bookcases,505.5360,4,-41.3740,0.40
2016,03,East,"Office Supplies",Appliances,901.9500,3,297.6435,0.00
2017,05,South,"Office Supplies",Appliances,246.4480,7,69.3508,0.20
2016,11,South,Furniture,Furnishings,1140.9240,20,170.0530,0.40
2016,11,South,Furniture,Tables,2680.2870,24,-445.8024,1.25
2016,05,Central,"Office Supplies",Appliances,494.4100,11,-78.3366,1.60
2016,07,Central,Technology,Accessories,249.7760,11,88.0509,0.20
2016,07,West,"Office Supplies",Envelopes,463.8600,7,218.0142,0.00
2016,07,West,Furniture,Bookcases,1279.1650,5,225.7350,0.15
2017,03,West,"Office Supplies",Supplies,1362.1960,5,-291.7926,0.20
2016,11,West,"Office Supplies",Fasteners,15.2600,7,5.0358,0.00
2017,06,South,"Office Supplies",Storage,1494.7600,10,102.4018,0.60
2017,07,East,Furniture,Furnishings,972.1140,34,262.6127,0.60
2016,11,East,Furniture,Chairs,5440.4690,43,-22.2898,2.30
2017,03,Central,"Office Supplies",Envelopes,325.8600,2,149.8956,0.00
2016,02,Central,"Office Supplies",Binders,56.8200,3,28.4100,0.00
2017,12,South,"Office Supplies",Appliances,639.9960,17,172.9128,0.40
2017,12,South,"Office Supplies",Paper,794.5880,14,377.6304,0.20
2017,07,West,Technology,Copiers,2879.9440,7,929.9830,0.40
2016,08,West,"Office Supplies",Art,14.0200,4,5.4700,0.00
2016,12,East,"Office Supplies",Art,65.1600,22,20.7176,0.20
2016,01,South,"Office Supplies",Binders,1333.1780,12,626.5126,0.70
2016,12,South,"Office Supplies",Paper,333.3360,32,137.8476,0.80
2017,09,South,"Office Supplies",Supplies,43.3120,5,8.0120,0.20
2016,09,South,Technology,Copiers,1599.9200,8,751.9624,0.00
2016,04,East,Furniture,Chairs,2410.8840,12,501.9462,0.30
2017,05,West,"Office Supplies",Supplies,303.0200,7,6.7044,0.00
2016,09,South,"Office Supplies",Labels,44.6200,5,18.6242,0.40
2017,05,Central,Furniture,Bookcases,828.1312,8,-125.2114,0.64
2016,07,Central,"Office Supplies",Appliances,283.1400,4,72.3580,0.10
2016,12,South,Technology,Phones,1854.1720,16,304.4322,0.60
2016,08,East,Furniture,Bookcases,163.8800,4,-81.9400,0.50
2016,06,Central,"Office Supplies",Appliances,73.0960,6,-180.5620,1.60
2016,11,South,"Office Supplies",Appliances,713.9280,5,54.6042,0.40
2017,11,West,"Office Supplies",Labels,122.6500,14,58.1327,0.00
2017,11,West,"Office Supplies",Supplies,27.9300,3,8.0997,0.00
2017,03,Central,"Office Supplies",Fasteners,7.9000,2,2.5280,0.00
2016,03,West,"Office Supplies",Supplies,4937.9400,6,204.1086,0.00
2016,03,West,Furniture,Furnishings,63.5600,5,19.3480,0.00
2016,10,West,Technology,Machines,1541.3100,9,-875.4600,0.90
2017,11,South,Furniture,Chairs,2277.8160,10,486.4660,0.40
2017,02,South,"Office Supplies",Binders,3.8820,2,-2.5880,0.70
2017,02,South,"Office Supplies",Paper,115.2960,3,40.3536,0.20
2016,12,East,"Office Supplies",Supplies,62.7520,8,12.6640,0.40
2016,09,West,"Office Supplies",Supplies,19.9200,5,5.5656,0.00
2016,02,East,"Office Supplies",Labels,8.6700,3,4.0749,0.00
2016,02,East,"Office Supplies",Supplies,25.7100,3,6.6846,0.00
2017,01,Central,"Office Supplies",Paper,487.5200,25,235.2399,0.00
2016,11,East,Technology,Copiers,1199.9760,4,179.9964,0.40
2016,11,East,Technology,Machines,4850.2500,20,-6505.8836,1.40
2017,11,South,"Office Supplies",Envelopes,70.1680,9,26.9248,0.20
2016,11,South,"Office Supplies",Storage,2547.6480,23,400.3609,0.40
2017,12,West,"Office Supplies",Supplies,61.3000,8,9.5498,0.20
2017,01,South,"Office Supplies",Paper,36.2880,7,12.7008,0.20
2016,01,East,Furniture,Bookcases,173.9400,3,38.2668,0.00
2017,12,South,"Office Supplies",Fasteners,3.6200,2,1.1946,0.00
2016,09,West,"Office Supplies",Fasteners,14.8300,5,6.6038,0.00
2016,12,Central,"Office Supplies",Supplies,20.5680,3,1.5426,0.20
2016,01,West,"Office Supplies",Paper,69.6600,7,34.0038,0.00
2016,05,South,"Office Supplies",Supplies,69.5000,5,20.1550,0.00
2017,05,West,Furniture,Bookcases,299.9700,10,-509.9490,1.40
2017,07,East,"Office Supplies",Storage,992.7680,31,26.5484,1.00
2017,03,East,"Office Supplies",Supplies,347.5800,3,17.3790,0.00
2017,01,West,"Office Supplies",Supplies,118.6800,8,34.1601,0.00
2017,11,West,Furniture,Bookcases,359.4990,3,-29.6058,0.15
2017,08,West,"Office Supplies",Envelopes,32.1440,3,14.8642,0.20
2017,12,West,"Office Supplies",Fasteners,22.6240,8,8.9992,0.20
2016,01,Central,"Office Supplies",Paper,197.9840,12,67.3380,0.60
2017,07,East,"Office Supplies",Labels,52.5340,8,24.5476,0.20
2017,02,West,"Office Supplies",Storage,545.1080,11,50.2802,0.20
2017,10,Central,Furniture,Bookcases,328.3992,3,-91.7586,0.32
2017,05,West,"Office Supplies",Envelopes,44.4000,11,19.0140,0.20
2016,03,Central,"Office Supplies",Supplies,3930.0720,3,-786.0144,0.20
2016,03,Central,"Office Supplies",Fasteners,2.3040,1,0.7776,0.20
2017,03,West,Furniture,Tables,1096.8320,12,-6.2732,0.40
2016,05,South,Technology,Accessories,2139.6000,10,692.1562,0.20
2016,02,East,Technology,Phones,130.4600,4,25.5238,0.00
2017,04,West,"Office Supplies",Envelopes,49.2480,6,21.9824,0.20
2017,04,South,Furniture,Bookcases,585.4080,12,-46.7368,0.40
2017,02,West,"Office Supplies",Labels,9.8200,2,4.8118,0.00
2016,02,West,Technology,Phones,1229.8880,14,62.7489,0.60
2016,02,West,"Office Supplies",Fasteners,10.6500,3,5.0055,0.00
2016,06,West,Furniture,Bookcases,838.8310,7,49.3430,0.30
2016,07,Central,"Office Supplies",Envelopes,20.9360,1,7.0659,0.20
2017,06,Central,"Office Supplies",Labels,44.4000,3,22.2000,0.00
2017,01,South,Furniture,Chairs,419.1360,4,-68.1096,0.20
2017,04,South,Technology,Phones,995.1440,7,98.0825,0.60
2017,04,South,"Office Supplies",Appliances,48.8880,6,7.0857,0.40
2017,04,South,Furniture,Chairs,218.3520,3,-19.1058,0.20
2017,01,Central,"Office Supplies",Storage,944.5040,18,-51.9496,0.60
2017,04,West,"Office Supplies",Fasteners,12.7100,6,4.2486,0.00
2016,06,South,Technology,Accessories,548.6240,14,212.3323,0.20
2017,05,Central,"Office Supplies",Supplies,22.3440,3,2.5137,0.20
2017,03,South,Technology,Copiers,2999.9500,5,1439.9760,0.00
2017,03,Central,Technology,Machines,209.9860,2,8.9994,0.30
2017,03,Central,Technology,Copiers,3359.9440,7,905.9849,0.40
2017,02,East,"Office Supplies",Supplies,25.0200,3,6.5052,0.00
2017,02,East,"Office Supplies",Art,10.7100,3,2.7846,0.00
2016,09,South,Furniture,Furnishings,72.9680,7,24.0564,0.20
2017,08,West,Technology,Accessories,2603.9500,22,627.4059,0.00
2017,06,South,"Office Supplies",Labels,13.8720,6,4.6818,0.20
2017,07,West,"Office Supplies",Envelopes,57.9000,5,28.9500,0.00
2017,07,West,Furniture,Bookcases,1310.1250,7,236.2462,0.15
2016,12,West,"Office Supplies",Labels,36.0960,11,15.0576,0.20
2017,10,Central,"Office Supplies",Envelopes,25.7520,5,8.7654,0.40
2016,11,East,"Office Supplies",Envelopes,40.7520,3,15.2820,0.20
2017,12,Central,"Office Supplies",Labels,61.0600,2,28.0876,0.00
2017,06,East,Furniture,Bookcases,1039.6040,10,180.2480,0.20
2017,06,East,"Office Supplies",Supplies,59.0900,8,16.2154,0.00
2017,03,West,Technology,Machines,532.7200,2,53.2720,0.20
2016,01,West,"Office Supplies",Labels,91.0600,17,43.9237,0.00
2016,02,South,Furniture,Chairs,866.4000,4,225.2640,0.00
2017,10,West,"Office Supplies",Supplies,39.0720,6,4.3956,0.20
2017,09,West,"Office Supplies",Fasteners,52.9000,12,25.5710,0.00
2016,09,South,"Office Supplies",Appliances,396.6240,11,43.5306,0.40
2016,07,South,"Office Supplies",Labels,6.2640,3,2.0358,0.20
2017,03,South,"Office Supplies",Storage,392.7000,4,26.7210,0.00
2017,01,West,"Office Supplies",Envelopes,9.7800,1,4.8900,0.00
2016,11,East,Furniture,Tables,313.1760,2,-120.0508,0.40
2017,07,East,Furniture,Bookcases,87.2100,3,-45.3492,0.50
2017,05,Central,"Office Supplies",Labels,13.2160,4,4.2952,0.20
2017,03,South,"Office Supplies",Envelopes,42.6800,4,19.6328,0.00
2017,03,South,Technology,Accessories,353.2200,6,146.7549,0.00
2016,03,West,"Office Supplies",Storage,869.1660,10,14.1882,0.20
2016,03,West,"Office Supplies",Envelopes,30.5600,4,14.9744,0.00
2017,02,East,Furniture,Bookcases,240.7840,1,30.0980,0.20
2016,10,South,"Office Supplies",Storage,499.3920,14,-60.8715,0.40
2017,04,West,Technology,Phones,552.0000,10,34.5000,0.20
2016,07,South,Furniture,Furnishings,237.3300,7,91.6128,0.00
2016,07,South,Furniture,Bookcases,504.9000,5,126.2250,0.00
2016,08,South,Technology,Accessories,71.9800,2,15.1158,0.00
2017,07,South,Furniture,Chairs,676.4400,8,51.2490,0.60
2017,09,West,Technology,Machines,506.2800,3,177.1980,0.20
2016,02,West,Furniture,Furnishings,14.3680,2,3.9512,0.20
2017,05,West,Technology,Machines,343.2000,1,38.6100,0.20
2017,08,East,"Office Supplies",Labels,58.7040,16,23.1173,0.40
2017,09,East,"Office Supplies",Fasteners,19.1800,8,8.7530,0.00
2016,03,East,Furniture,Chairs,1069.5760,13,137.8670,0.40
2017,03,South,"Office Supplies",Fasteners,3.7600,2,1.3160,0.00
2016,04,South,Furniture,Bookcases,354.9000,5,88.7250,0.00
2016,08,Central,"Office Supplies",Envelopes,81.5400,3,38.3238,0.00
2017,04,Central,Technology,Phones,383.8400,4,47.9800,0.20
2016,10,Central,"Office Supplies",Fasteners,25.2480,4,7.8900,0.20
2016,10,Central,Furniture,Chairs,425.6560,4,66.5970,0.30
2016,10,Central,"Office Supplies",Storage,386.2800,12,16.3204,0.00
2017,11,East,"Office Supplies",Supplies,384.5920,2,-81.7258,0.20
2016,07,West,Technology,Accessories,818.3700,6,222.5538,0.00
2016,08,West,Furniture,Furnishings,457.3980,10,69.5106,0.20
2017,10,East,Furniture,Chairs,367.1460,4,5.6990,0.20
2017,09,Central,Furniture,Furnishings,264.8840,12,-79.4572,1.20
2016,10,East,"Office Supplies",Labels,29.8280,7,13.1788,0.20
2017,05,South,Furniture,Furnishings,8.0100,3,3.0438,0.00
2017,08,South,"Office Supplies",Binders,2208.4500,23,-981.0045,1.40
2016,03,East,"Office Supplies",Fasteners,5.9840,2,-1.3464,0.20
2016,10,Central,"Office Supplies",Supplies,21.9600,2,6.1488,0.00
2017,06,South,Technology,Accessories,316.3920,3,-6.7149,0.40
2017,06,South,Furniture,Bookcases,319.2960,4,-3.8864,0.40
2017,06,East,Technology,Machines,3483.1600,11,1704.3886,0.00
2017,03,West,"Office Supplies",Labels,11.5200,4,5.6448,0.00
2017,01,Central,Furniture,Chairs,613.4140,7,46.0056,0.30
2016,07,East,"Office Supplies",Labels,40.6100,3,17.3198,0.20
2016,12,East,Technology,Copiers,2479.9440,6,989.9790,0.20
2017,03,West,Furniture,Chairs,170.3520,3,-17.0352,0.20
2016,08,West,Technology,Accessories,434.9400,6,178.1748,0.00
2017,07,South,Furniture,Bookcases,302.9400,3,69.6762,0.00
2017,07,South,"Office Supplies",Binders,14.9400,3,7.1712,0.00
2017,07,South,"Office Supplies",Supplies,231.7200,2,11.5860,0.00
2016,05,West,"Office Supplies",Fasteners,5.9400,3,0.0000,0.00
2017,01,Central,"Office Supplies",Supplies,4195.7300,9,86.0530,0.20
2017,01,Central,Furniture,Bookcases,212.9400,3,53.2350,0.00
2017,05,South,"Office Supplies",Labels,126.7280,7,41.1866,0.40
2017,09,Central,Technology,Copiers,319.9840,2,107.9946,0.20
2017,02,West,"Office Supplies",Envelopes,10.6400,5,3.8570,0.20
2017,02,West,Furniture,Tables,386.9100,9,-185.7168,0.50
2017,10,South,"Office Supplies",Envelopes,251.5800,7,113.2110,0.00
2017,05,East,"Office Supplies",Supplies,17.0000,2,4.4200,0.00
2016,04,South,"Office Supplies",Fasteners,30.0000,6,14.4000,0.00
2016,09,Central,Technology,Machines,1362.9000,3,-19.4700,0.30
2017,04,Central,Furniture,Chairs,317.0580,3,-18.1176,0.30
2017,09,South,"Office Supplies",Art,282.1600,28,72.7480,0.40
2017,07,East,"Office Supplies",Supplies,46.9360,5,5.3951,0.40
2016,12,West,Technology,Machines,281.5300,3,-383.2000,0.90
2017,09,East,Technology,Machines,733.7550,7,38.7425,1.40
2016,10,Central,Technology,Copiers,17499.9500,5,8399.9760,0.00
2017,07,East,"Office Supplies",Appliances,17.4800,4,4.5448,0.00
2016,09,South,"Office Supplies",Fasteners,11.3400,3,5.2164,0.00
2016,01,Central,Furniture,Bookcases,1565.8800,6,407.1288,0.00
2016,01,Central,"Office Supplies",Binders,119.6580,12,52.5111,0.80
2017,04,West,Furniture,Chairs,655.0560,9,-57.3174,0.40
2016,12,Central,"Office Supplies",Labels,57.3120,12,18.6264,0.40
2017,09,South,Technology,Phones,1139.8960,20,223.6905,0.40
2016,07,South,"Office Supplies",Envelopes,10.2000,5,4.7940,0.00
2017,05,South,"Office Supplies",Supplies,29.0880,4,1.1888,0.20
2017,01,East,"Office Supplies",Labels,5.2200,2,2.4012,0.00
2017,07,East,Technology,Copiers,599.9700,5,69.9965,0.40
2017,02,East,"Office Supplies",Appliances,32.6700,3,8.4942,0.00
2016,07,Central,"Office Supplies",Supplies,13.3440,2,1.0008,0.20
2016,05,West,"Office Supplies",Envelopes,54.9000,5,26.9010,0.00
2017,03,East,Furniture,Tables,154.7640,3,-46.4292,0.40
2017,04,East,Furniture,Chairs,908.8200,9,227.2050,0.00
2017,08,Central,Furniture,Chairs,74.5920,4,-2.1312,0.30
2016,11,West,Furniture,Tables,674.3520,3,-8.4294,0.20
2016,10,South,"Office Supplies",Art,30.9760,8,5.0336,0.20
2016,02,South,"Office Supplies",Binders,96.7420,18,-1.1924,1.40
2017,10,West,Technology,Machines,969.1450,16,-447.6865,0.90
2017,01,East,"Office Supplies",Binders,274.4910,3,-228.7425,0.70
2016,07,West,"Office Supplies",Appliances,867.2600,9,228.9446,0.00
2017,02,East,Technology,Accessories,1319.8000,5,214.4675,0.20
2017,03,East,"Office Supplies",Appliances,465.1600,2,120.9416,0.00
2016,07,East,Technology,Machines,341.9910,3,-319.1916,0.70
2016,05,Central,Furniture,Furnishings,159.7720,19,-25.3878,2.40
2016,05,Central,"Office Supplies",Storage,2235.3920,25,211.3622,0.80
2017,08,South,"Office Supplies",Storage,67.1360,4,-0.8392,0.20
2016,01,South,"Office Supplies",Paper,89.5680,2,32.4684,0.20
2017,06,East,"Office Supplies",Fasteners,14.1300,3,0.7065,0.00
2017,12,South,Furniture,Tables,1656.8310,12,-669.3216,0.85
2017,01,West,"Office Supplies",Fasteners,19.7300,9,9.2337,0.00
2016,09,Central,"Office Supplies",Supplies,16.9000,2,5.0700,0.00
2017,08,East,"Office Supplies",Supplies,70.1200,4,21.0360,0.00
2017,02,Central,"Office Supplies",Paper,490.1680,8,172.3786,0.60
2017,07,West,"Office Supplies",Fasteners,10.9000,7,2.4500,0.00
2017,12,South,"Office Supplies",Labels,5.7600,2,2.6496,0.00
2017,12,South,Technology,Copiers,1399.9800,2,629.9910,0.00
2017,02,South,Furniture,Chairs,196.7840,2,-22.1382,0.20
2016,01,West,Furniture,Bookcases,48.5800,1,7.7728,0.00
2017,03,East,"Office Supplies",Envelopes,113.8260,13,52.2141,0.20
2016,10,East,Technology,Copiers,5399.9100,9,2591.9568,0.00
2017,07,South,Furniture,Tables,872.9400,3,157.1292,0.00
2017,07,South,"Office Supplies",Paper,12.9600,2,6.2208,0.00
2017,12,East,Technology,Copiers,1199.9800,2,467.9922,0.00
2016,08,Central,Furniture,Tables,447.8400,4,98.5248,0.00
2016,08,Central,"Office Supplies",Art,8.6400,3,2.5056,0.00
2017,04,West,"Office Supplies",Appliances,40.7400,3,12.2220,0.00
2016,04,West,"Office Supplies",Envelopes,78.0900,6,38.8614,0.00
2016,04,South,"Office Supplies",Appliances,203.9200,4,55.0584,0.00
2016,05,Central,"Office Supplies",Fasteners,7.8960,3,2.4675,0.20
2017,03,East,Furniture,Chairs,479.6100,5,62.7014,0.20
2016,02,East,Furniture,Tables,550.4310,3,-47.1798,0.30
2017,07,Central,Furniture,Tables,422.5200,10,-25.5852,0.60
2016,02,Central,Furniture,Furnishings,89.9760,4,-84.3548,1.20
2016,05,Central,"Office Supplies",Labels,5.0400,2,1.7640,0.20
2016,10,West,"Office Supplies",Labels,6.1600,2,2.9568,0.00
2016,06,East,Furniture,Tables,714.0420,5,-331.5690,0.80
2017,08,South,"Office Supplies",Fasteners,24.3200,5,9.1200,0.20
2016,12,West,Furniture,Bookcases,205.6660,2,-12.0980,0.15
2017,12,Central,"Office Supplies",Supplies,44.6880,7,5.0274,0.20
2016,10,West,Furniture,Bookcases,211.5480,5,-169.5582,0.85
2017,01,Central,"Office Supplies",Fasteners,17.6400,7,5.0148,0.20
2016,08,Central,"Office Supplies",Labels,62.7900,7,29.2593,0.00
2017,05,East,"Office Supplies",Fasteners,11.2900,3,4.2805,0.20
2016,01,Central,Furniture,Furnishings,23.0760,3,-10.9611,0.60
2017,01,Central,"Office Supplies",Appliances,20.6560,4,-52.4012,1.60
2016,03,West,Technology,Machines,3357.6000,3,377.7300,0.20
2017,02,Central,Furniture,Bookcases,89.0664,1,-17.0274,0.32
2016,08,South,Furniture,Tables,562.2925,7,-255.5875,0.45
2016,02,West,"Office Supplies",Labels,14.7300,3,7.2177,0.00
2016,02,West,Furniture,Tables,557.7280,4,6.9716,0.20
2016,02,East,Furniture,Chairs,554.6060,5,76.3970,0.10
2016,07,West,Furniture,Tables,863.1280,7,-32.3673,0.20
2016,02,South,"Office Supplies",Art,264.1800,7,68.6868,0.00
2016,09,West,Technology,Copiers,4279.9160,10,1556.9694,0.40
2016,04,East,Technology,Accessories,89.9700,3,37.7874,0.00
2016,06,South,"Office Supplies",Art,35.9700,3,9.7119,0.00
2016,06,South,Furniture,Bookcases,1266.8600,7,291.3778,0.00
2017,05,South,Furniture,Tables,933.2620,4,-458.1468,0.45
2016,06,Central,"Office Supplies",Storage,238.5760,13,51.2240,0.20
2016,05,South,"Office Supplies",Envelopes,26.5500,9,12.7440,0.00
2016,07,West,"Office Supplies",Art,83.1500,11,24.0254,0.00
2017,01,South,Furniture,Furnishings,62.7200,4,24.4608,0.00
2017,06,West,"Office Supplies",Appliances,61.4400,3,16.5888,0.00
2017,05,East,Furniture,Tables,373.4700,5,-112.0410,0.40
2017,03,Central,Furniture,Tables,933.4080,4,-173.3472,0.30
2017,10,East,"Office Supplies",Fasteners,17.9000,5,8.7710,0.00
2017,02,East,"Office Supplies",Labels,20.7000,2,9.9360,0.00
2016,02,South,Technology,Machines,8749.9500,5,2799.9840,0.00
2016,12,South,"Office Supplies",Labels,2.6100,1,1.2006,0.00
2017,07,West,"Office Supplies",Appliances,168.1000,5,43.7060,0.00
2016,01,Central,Technology,Accessories,195.6800,5,-11.4740,0.40
2016,01,Central,Technology,Phones,1620.9280,9,157.5688,0.40
2017,08,East,Technology,Accessories,1143.0680,16,217.6284,0.20
2017,08,East,Furniture,Bookcases,130.9800,2,-89.0664,0.50
2017,11,South,Furniture,Bookcases,723.9200,5,-81.4410,0.20
2017,02,Central,"Office Supplies",Fasteners,18.3680,2,6.1992,0.20
2017,02,Central,Furniture,Chairs,600.5580,3,-8.5794,0.30
2017,02,Central,"Office Supplies",Storage,50.3520,3,-8.1822,0.20
2016,06,West,"Office Supplies",Supplies,293.1000,8,27.5448,0.00
2016,06,West,"Office Supplies",Fasteners,17.9000,5,8.9500,0.00
2017,02,West,Technology,Machines,239.9840,2,38.9974,0.20
2016,01,South,"Office Supplies",Envelopes,125.3600,8,58.9192,0.00
2016,03,Central,"Office Supplies",Appliances,209.4780,6,42.0318,0.90
2017,11,South,Technology,Copiers,959.9840,2,311.9948,0.20
2016,11,West,Technology,Machines,866.3910,5,-174.7674,0.90
2016,08,Central,"Office Supplies",Appliances,58.9240,1,-153.2024,0.80
2016,08,West,"Office Supplies",Storage,17.9400,3,3.0498,0.00
2016,07,East,Technology,Accessories,30.8400,3,6.1680,0.00
2016,01,Central,Furniture,Tables,2218.9500,10,-188.0190,0.50
2016,03,Central,Furniture,Furnishings,175.7800,7,-190.4716,0.60
2017,10,South,Technology,Accessories,18.5280,2,4.4004,0.20
2017,09,West,"Office Supplies",Supplies,126.5600,11,36.5558,0.00
2016,01,East,"Office Supplies",Storage,1992.9700,20,406.7154,0.00
2016,08,East,Furniture,Furnishings,19.3120,2,3.1382,0.20
2016,06,West,Technology,Machines,4476.8000,4,503.6400,0.20
2017,12,Central,"Office Supplies",Envelopes,7.2800,1,3.4944,0.00
2017,02,East,Furniture,Furnishings,177.7120,4,4.6004,0.40
2017,05,East,Furniture,Bookcases,115.9600,4,-64.9376,0.50
2017,09,South,"Office Supplies",Fasteners,14.2000,4,6.6740,0.00
2017,02,East,Furniture,Tables,455.9700,5,-106.3930,0.40
2017,02,East,Furniture,Chairs,899.4300,5,-12.8490,0.30
2017,03,West,"Office Supplies",Fasteners,13.0200,7,0.3906,0.00
2016,05,Central,"Office Supplies",Envelopes,7.0720,2,2.3868,0.20
2017,01,East,"Office Supplies",Envelopes,2.0400,1,0.9588,0.00
2016,08,South,"Office Supplies",Art,197.0500,7,59.1150,0.00
2016,10,East,"Office Supplies",Fasteners,40.6700,7,12.6077,0.00
2017,01,West,"Office Supplies",Appliances,25.8600,3,6.7236,0.00
2016,05,West,"Office Supplies",Labels,27.7200,9,13.3056,0.00
2017,06,Central,Furniture,Bookcases,409.9992,3,-96.4704,0.32
2016,11,West,Furniture,Bookcases,3406.6640,8,160.3136,0.15
2016,02,East,Technology,Accessories,89.9700,3,39.5868,0.00
2017,01,Central,"Office Supplies",Envelopes,268.5760,4,90.6444,0.20
2017,03,South,Furniture,Tables,292.1000,2,58.4200,0.00
2017,03,South,"Office Supplies",Paper,17.6400,4,8.1144,0.00
2016,06,South,Technology,Phones,135.9500,1,39.4255,0.00
2016,09,East,"Office Supplies",Envelopes,63.9680,2,19.9900,0.20
2016,04,East,"Office Supplies",Appliances,33.5280,3,2.5146,0.20
2016,12,West,"Office Supplies",Fasteners,13.8600,7,0.0000,0.00
